,Link Laptop Out of Stock
0,www.smartprix.com/laptops/asus-vivobook-16x-2022-m1603qa-mb502ws-laptop-ppd1pul9mnne
1,www.smartprix.com/laptops/asus-rog-zephyrus-m15-2020-gu502lu-az114t-ppd14r2916lb
2,www.smartprix.com/laptops/acer-nitro-5-an515-45-un-qbmsi-009-gaming-ppd1aeahomz1
3,www.smartprix.com/laptops/asus-vivobook-16x-m1603qa-mb512ws-laptop-ppd1t0rsjinr
4,www.smartprix.com/laptops/asus-tuf-gaming-f15-fx566li-hn133t-laptop-ppd1see5zjkj
5,www.smartprix.com/laptops/msi-gt77-titan-12uhs-054in-gaming-laptop-ppd1uwwfigij
6,www.smartprix.com/laptops/asus-tuf-gaming-a17-fa706ic-hx003t-laptop-ppd17z67zcvm
7,www.smartprix.com/laptops/hp-pavilion-15-ec0029ax-gaming-laptop-amd-ppd1mr6wx2jj
8,www.smartprix.com/laptops/asus-tuf-fx504ge-e4644t-laptop-8th-gen-ci7-ppd1wh1cmmsl
9,www.smartprix.com/laptops/acer-predator-21-x-gx21-71-laptop-7th-gen-ci7-64gb-p1301441im3l
10,www.smartprix.com/laptops/acer-nitro-5-an515-45-un-qclsi-005-gaming-ppd1tg85e3tt
11,www.smartprix.com/laptops/acer-nitro-5-an515-45-un-qclsi-006-gaming-ppd1ovvb47jn
12,www.smartprix.com/laptops/lenovo-legion-5-pro-82rf00e1in-gaming-laptop-ppd1odnu1f5x
13,www.smartprix.com/laptops/lenovo-ideapad-gaming-3-82k101g0in-laptop-ppd1ki9qdk04
14,www.smartprix.com/laptops/lenovo-legion-5-82jw00hyin-gaming-laptop-ppd1tz07c5e7
15,www.smartprix.com/laptops/dell-alienware-x17-r2-d569944win9-gaming-ppd1kn7plji5
16,www.smartprix.com/laptops/asus-rog-strix-g15-g513qe-hn161t-gaming-laptop-ppd1r2of3rmb
17,www.smartprix.com/laptops/acer-nitro-5-an515-45-nh-qbrsi-007-laptop-ppd1d2c18bzo
18,www.smartprix.com/laptops/asus-rog-strix-scar-15-g533zw-ln106ws-gaming-ppd1dbnq44k3
19,www.smartprix.com/laptops/asus-rog-strix-scar-17-se-g733cx-ll012ws-ppd1uc4fa5mn
20,www.smartprix.com/laptops/asus-rog-zephyrus-g14-ga402rj-l8069ws-gaming-ppd11khmipdf
21,www.smartprix.com/laptops/dell-g15-5521-se-laptop-12th-gen-core-i7-ppd11kdohtru
22,www.smartprix.com/laptops/asus-rog-strix-scar-17-g733cx-ll013ws-gaming-ppd1bn79wcvs
23,www.smartprix.com/laptops/gigabyte-aorus-5-ke4-gaming-laptop-12th-gen-ppd14gjc3kqp
24,www.smartprix.com/laptops/dell-xps-9720-laptop-12th-gen-core-i7-16gb-ppd1gb4n15ui
25,www.smartprix.com/laptops/dell-xps-9720-gaming-laptop-12th-gen-core-ppd1m30bdefj
26,www.smartprix.com/laptops/acer-aspire-7-a715-42g-un-qaysi-006-gaming-ppd105g8p0qp
27,www.smartprix.com/laptops/msi-alpha-15-b5eek-029in-laptop-ryzen-5-5600h-ppd1s0k167ro
28,www.smartprix.com/laptops/asus-tuf-gaming-a17-fa706ic-hx055w-laptop-ppd1uk23wtwv
29,www.smartprix.com/laptops/msi-ge76-raider-11uh-670in-gaming-laptop-ppd1476tzjhi
30,www.smartprix.com/laptops/msi-pulse-gl76-12uek-219in-gaming-laptop-ppd1tg216vs6
31,www.smartprix.com/laptops/acer-predator-helios-300-ph315-55-nh-qftsi-ppd1mu86h4cz
32,www.smartprix.com/laptops/asus-rog-flow-x13-gv301qc-k6085ts-laptop-ppd14gtharq9
33,www.smartprix.com/laptops/dell-alienware-x14-r1-d569938win9-gaming-ppd171fav1tl
34,www.smartprix.com/laptops/asus-tuf-a17-fa766ic-hx005w-gaming-laptop-ppd1ee4kk6yu
35,www.smartprix.com/laptops/asus-tuf-gaming-f15-fx506hm-hn004ws-gaming-ppd1lseupmdr
36,www.smartprix.com/laptops/asus-rog-flow-x13-gv301qh-k6461ts-gaming-ppd1l9xlijxj
37,www.smartprix.com/laptops/asus-rog-strix-scar-17-g733zw-ll139ws-gaming-ppd10ul27uk9
38,www.smartprix.com/laptops/asus-rog-strix-g17-g713ic-hx056t-gaming-laptop-ppd19xx6c88p
39,www.smartprix.com/laptops/msi-gp66-leopard-9s7-154322-418-gaming-laptop-ppd129m6utqk
40,www.smartprix.com/laptops/msi-gs66-stealth-11ue-9s7-16v412-607-gaming-ppd111hnvlb4
41,www.smartprix.com/laptops/msi-gp66-leopard-11ug-9s7-17k322-699-gaming-ppd1qx4obeot
42,www.smartprix.com/laptops/asus-vivobook-pro-14-oled-k3400ph-km145ws-ppd1bkkiv5bk
43,www.smartprix.com/laptops/asus-rog-zephyrus-g14-ga401ihr-hz084ts-laptop-ppd1xkpkbfya
44,www.smartprix.com/laptops/asus-rog-strix-g17-2022-g733zw-ll105ws-gaming-ppd1dvkqoz85
45,www.smartprix.com/laptops/lenovo-ideapad-gaming-3-15ach6-82k201rsin-ppd1yi2fhkwd
46,www.smartprix.com/laptops/acer-predator-helios-300-ph315-54-nh-qc1si-ppd160nthq2m
47,www.smartprix.com/laptops/msi-raider-ge76-12uhs-234in-gaming-laptop-ppd1kp9lehc3
48,www.smartprix.com/laptops/asus-tuf-gaming-f15-fx566hm-hno97ts-laptop-ppd196fw8ewp
49,www.smartprix.com/laptops/asus-rog-strix-g15-g513qm-hq403ts-gaming-ppd1gjt576tg
50,www.smartprix.com/laptops/asus-vivobook-gaming-f571lh-al434t-gaming-ppd1ugxljazx
51,www.smartprix.com/laptops/dell-inspiron-7501-laptop-10th-gen-core-i5-ppd13m71pdaa
52,www.smartprix.com/laptops/asus-tuf-dash-f15-fx516prz-az122ts-gaming-ppd1gnlvvuky
53,www.smartprix.com/laptops/asus-vivobook-pro-16x-oled-m7600qe-l2058ws-ppd1l32uh1mn
54,www.smartprix.com/laptops/asus-vivobook-pro-14-oled-k3400ph-km058ts-ppd1vydzrla1
55,www.smartprix.com/laptops/asus-vivobook-pro-14-oled-k3400ph-km029ts-ppd1f2uytffz
56,www.smartprix.com/laptops/asus-vivobook-pro-16x-oled-m7600qc-l2044ts-ppd1hr50v5oo
57,www.smartprix.com/laptops/asus-tuf-dash-f15-fx516pmz-hn186ws-gaming-ppd1w0kj479a
58,www.smartprix.com/laptops/lenovo-legion-5-15ach6-82jw00kein-gaming-ppd1qmv4fzvj
59,www.smartprix.com/laptops/hp-pavilion-15-dk2095tx-gaming-laptop-11th-ppd1inh4yf14
60,www.smartprix.com/laptops/asus-tuf-dash-f15-fx516pcz-hn088t-gaming-ppd1vnkhdlk7
61,www.smartprix.com/laptops/asus-rog-zephyrus-g14-ga401ihr-hz070ts-gaming-ppd16aioni1u
62,www.smartprix.com/laptops/asus-zephyrus-s17-gx703hs-k4057ts-gaming-ppd152era1s8
63,www.smartprix.com/laptops/asus-rog-flow-x13-gv301qe-k5152ts-gaming-ppd1kso9hm0x
64,www.smartprix.com/laptops/asus-tuf-gaming-f15-fx566hcb-hn229t-gaming-ppd19m81nyx0
65,www.smartprix.com/laptops/lenovo-legion-5-82jw00cmin-gaming-laptop-ppd1xwyi553g
66,www.smartprix.com/laptops/lenovo-legion-7-16achg6-82n6008cin-gaming-ppd16m1q3m55
67,www.smartprix.com/laptops/msi-bravo-15-b5dd-077in-gaming-laptop-ryzen-ppd1z9aysmn0
68,www.smartprix.com/laptops/asus-zephyrus-s17-gx703hs-kf058ts-gaming-ppd1z91fh6dj
69,www.smartprix.com/laptops/asus-rog-strix-g513qe-hf145t-gaming-laptop-ppd1gfadgy5t
70,www.smartprix.com/laptops/acer-nitro-an515-57-gaming-laptop-11th-gen-ppd12jb2h1p4
71,www.smartprix.com/laptops/acer-predator-helios-ph315-54-gaming-laptop-ppd19wtbpm0c
72,www.smartprix.com/laptops/lenovo-legion-5-82au00kdin-gaming-laptop-ppd1rn3bbp4u
73,www.smartprix.com/laptops/msi-gf75-thin-10sc-087in-laptop-10th-gen-ppd10iudvswc
74,www.smartprix.com/laptops/dell-g15-5511-gaming-laptop-11th-gen-core-ppd1aruksk78
75,www.smartprix.com/laptops/msi-katana-gf66-11uc-477in-gaming-laptop-ppd1guxok052
76,www.smartprix.com/laptops/asus-tuf-dash-f15-fx516pcz-hn091t-gaming-ppd1mge4yhwq
77,www.smartprix.com/laptops/asus-rog-zephyrus-g14-ga401qm-k2332ts-gaming-ppd1pdeze3gp
78,www.smartprix.com/laptops/asus-tuf-gaming-f15-fx506hm-az099ts-gaming-ppd1aswnihxu
79,www.smartprix.com/laptops/asus-rog-strix-scar-15-g533qs-hf237ts-gaming-ppd153mxtb6h
80,www.smartprix.com/laptops/asus-tuf-gaming-f17-fx766he-hx054t-laptop-ppd1br4mcm5p
81,www.smartprix.com/laptops/asus-rog-strix-g17-g713ih-hx020t-gaming-laptop-ppd1ldevovmo
82,www.smartprix.com/laptops/lenovo-ideapad-gaming-3-15imh05-81y40183in-ppd19wyx8y8h
83,www.smartprix.com/laptops/hp-pavilion-15-dk1514tx-gaming-laptop-10th-ppd1df708f3m
84,www.smartprix.com/laptops/dell-alienware-17-r5-b569902win9-gaming-8th-ppd1fnbx5aok
85,www.smartprix.com/laptops/asus-vivobook-f571lh-bq435t-gaming-laptop-ppd14mjyuu2f
86,www.smartprix.com/laptops/asus-tuf-a15-fa566ic-hn007t-gaming-laptop-ppd1y9iwrl3q
87,www.smartprix.com/laptops/asus-rog-strix-scar-15-g533qs-hq236ts-gaming-ppd1b8e5kcq4
88,www.smartprix.com/laptops/asus-rog-strix-g15-g513ic-hn021ts-gaming-ppd1v5skmmze
89,www.smartprix.com/laptops/asus-rog-strix-g513qm-hf406ts-gaming-laptop-ppd1yrpm1a9h
90,www.smartprix.com/laptops/hp-pavilion-15-ec1106ax-gaming-laptop-ryzen-ppd1rzg56ak3
91,www.smartprix.com/laptops/msi-ge76-raider-11uh-471in-gaming-laptop-ppd13dbk14ej
92,www.smartprix.com/laptops/asus-tuf-f17-fx706hc-hx059t-laptop-11th-gen-ppd15sgsdszs
93,www.smartprix.com/laptops/asus-tuf-gaming-f15-fx566hm-hn104t-gaming-ppd10kdvz86z
94,www.smartprix.com/laptops/asus-tuf-gaming-f15-fx566li-hn272t-laptop-ppd1hq5bd3m2
95,www.smartprix.com/laptops/hp-victus-16-e0078ax-gaming-laptop-amd-ryzen-ppd1v1646z0y
96,www.smartprix.com/laptops/hp-victus-16-e0076ax-gaming-laptop-amd-ryzen-ppd1x9910t2b
97,www.smartprix.com/laptops/acer-nitro-5-an515-56-gaming-laptop-11th-ppd1c3b41a7v
98,www.smartprix.com/laptops/acer-nitro-5-an515-56-gaming-laptop-11th-ppd1kgkwghx2
99,www.smartprix.com/laptops/asus-tuf-f17-fx766hc-hx060t-laptop-11th-gen-ppd17fia42r3
100,www.smartprix.com/laptops/asus-rog-flow-x13-gv301qh-k5485ts-gaming-ppd192yz55v8
101,www.smartprix.com/laptops/asus-tuf-f17-fx766hc-hx053t-laptop-11th-gen-ppd1xt733e7s
102,www.smartprix.com/laptops/asus-tuf-gaming-a17-fa706ih-h7015t-gaming-ppd191l245u9
103,www.smartprix.com/laptops/asus-rog-strix-g15-g513qe-hn108t-gaming-laptop-ppd1mkp30n1i
104,www.smartprix.com/laptops/hp-340s-g7-laptop-10th-gen-core-i7-8gb-512gb-ppd13m6kr6ii
105,www.smartprix.com/laptops/dell-g3-3500-gaming-laptop-10th-gen-core-ppd16gsulkte
106,www.smartprix.com/laptops/asus-tuf-dash-f15-fx516pc-hn058t-gaming-laptop-ppd13o0bao14
107,www.smartprix.com/laptops/asus-rog-strix-g17-g713qm-k4215ts-gaming-ppd1ay671tkq
108,www.smartprix.com/laptops/asus-tuf-dash-f15-fx516pe-hn087ts-gaming-ppd1b0t7t82y
109,www.smartprix.com/laptops/asus-tuf-fx506li-hn276t-gaming-laptop-10th-ppd1g79iviix
110,www.smartprix.com/laptops/asus-tuf-fx506li-hn270t-gaming-laptop-10th-ppd1tzeocssd
111,www.smartprix.com/laptops/lenovo-legion-5-82b500ecin-laptop-amd-ryzen-ppd1xxp4i9qn
112,www.smartprix.com/laptops/asus-tuf-gaming-a15-2021-fa506qm-hn009ts-ppd1bfavcyq5
113,www.smartprix.com/laptops/asus-rog-strix-g15-g513qr-hq222ts-gaming-ppd1w3uwg6kv
114,www.smartprix.com/laptops/asus-tuf-gaming-f15-fx566hc-hn047t-gaming-ppd16e0z2074
115,www.smartprix.com/laptops/asus-fx506lh-hn267t-gaming-laptop-10th-gen-ppd1s2px9s2o
116,www.smartprix.com/laptops/asus-tuf-gaming-a17-fa766qm-hx059ts-gaming-ppd19r9dcktp
117,www.smartprix.com/laptops/lenovo-legion-5-15imh05-82au00pmin-gaming-ppd15b1lga91
118,www.smartprix.com/laptops/asus-rog-strix-g15-g513qc-hn093t-gaming-laptop-ppd18jajekc2
119,www.smartprix.com/laptops/asus-rog-strix-g17-g713qm-hx197ts-gaming-ppd16hfavh9x
120,www.smartprix.com/laptops/lenovo-ideapad-gaming-3-15arh05-82ey00u6in-ppd1qe81mzjw
121,www.smartprix.com/laptops/asus-rog-strix-g17-g713qc-hx053t-gaming-laptop-ppd1jas8e0ke
122,www.smartprix.com/laptops/asus-tuf-gaming-f15-fx506hc-hn095t-gaming-ppd1et8c7coo
123,www.smartprix.com/laptops/asus-tuf-dash-f15-fx516pr-hn109ts-gaming-ppd1j92yrhhz
124,www.smartprix.com/laptops/asus-tuf-gaming-f17-fx706hc-hx070t-gaming-ppd18jqlga9f
125,www.smartprix.com/laptops/lenovo-ideapad-gaming-3-15arh05-82ey00umin-ppd17wdlqmxs
126,www.smartprix.com/laptops/asus-tuf-dash-f15-fx516pe-hn089ts-gaming-ppd1gjq99nvv
127,www.smartprix.com/laptops/asus-tuf-dash-f15-fx516pe-hn085ts-gaming-ppd1k7o258lk
128,www.smartprix.com/laptops/asus-tuf-gaming-f15-fx506lu-hn125t-gaming-ppd1gko660ru
129,www.smartprix.com/laptops/asus-rog-strix-g17-g713qe-hx063t-gaming-laptop-ppd1t3sp6209
130,www.smartprix.com/laptops/asus-rog-zephyrus-g14-ga401ii-he231ts-laptop-ppd1e8ldxlid
131,www.smartprix.com/laptops/lenovo-ideapad-gaming-15arh05-82ey00ubin-ppd1sgih60a3
132,www.smartprix.com/laptops/asus-rog-zephyrus-g14-ga401qh-bm070ts-laptop-ppd17maglm5a
133,www.smartprix.com/laptops/lenovo-legion-y540-81sy00uain-gaming-laptop-ppd1ttpyu2g2
134,www.smartprix.com/laptops/asus-rog-strix-g15-g513qe-hn115t-gaming-laptop-ppd15hcksx6h
135,www.smartprix.com/laptops/asus-rog-flow-x13-gv301qh-k6463ts-gaming-ppd1heoodq58
136,www.smartprix.com/laptops/asus-rog-flow-x13-gv301qh-k5062ts-gaming-ppd1hgq1aiem
137,www.smartprix.com/laptops/asus-rog-strix-g15-g512lv-az224ts-gaming-ppd197sya2he
138,www.smartprix.com/laptops/asus-rog-strix-g15-g513qr-hf224ts-gaming-ppd1kk6pmmwt
139,www.smartprix.com/laptops/asus-rog-strix-g15-g513qm-hf311ts-gaming-ppd1gtkso0ln
140,www.smartprix.com/laptops/lenovo-ideapad-l340-81lk01qtin-gaming-laptop-ppd1hjcsejao
141,www.smartprix.com/laptops/hp-omen-15-ek1017tx-laptop-10th-gen-core-ppd1m6957ax2
142,www.smartprix.com/laptops/asus-tuf-dash-f15-fx516pm-hn156ts-gaming-ppd1c72zdsa6
143,www.smartprix.com/laptops/asus-rog-strix-g17-g713qm-hg074ts-gaming-ppd1j1kmwgsr
144,www.smartprix.com/laptops/asus-rog-zephyrus-g14-ga401iu-ha251ts-gaming-ppd1wrbvdzl5
145,www.smartprix.com/laptops/asus-rog-zephyrus-s17-gx701lws-hg002ts-gaming-ppd1hog2seq8
146,www.smartprix.com/laptops/asus-rog-zephyrus-g14-ga401iu-ha250ts-gaming-ppd1ppdyaqoq
147,www.smartprix.com/laptops/dell-alienware-m15-r3-laptop-10th-gen-core-ppd18ebbzbme
148,www.smartprix.com/laptops/asus-tuf-gaming-a15-2021-fa506qm-hn008ts-ppd1m0m00i4y
149,www.smartprix.com/laptops/asus-rog-strix-scar-15-g532lws-hf091t-laptop-ppd1tp90pnud
150,www.smartprix.com/laptops/hp-pavilion-15-dk1509tx-gaming-laptop-10th-ppd1xvm5a2sj
151,www.smartprix.com/laptops/asus-rog-strix-g17-g712lu-ev008ts-gaming-ppd1zdw6yfb3
152,www.smartprix.com/laptops/asus-tuf-gaming-f15-fx566lh-hn009t-laptop-ppd1w6x96tpf
153,www.smartprix.com/laptops/asus-tuf-gaming-a15-fa566qm-hn087ts-laptop-ppd1fcmaj3pe
154,www.smartprix.com/laptops/asus-tuf-f15-fx506lu-hn161ts-gaming-laptop-ppd1iifs1be3
155,www.smartprix.com/laptops/asus-rog-strix-g15-g512li-hn286ts-gaming-ppd1tqk8kn2s
156,www.smartprix.com/laptops/msi-gp66-leopard-10ue-426in-gaming-laptop-ppd16a3v0oaz
157,www.smartprix.com/laptops/msi-ge76-raider-10uh-454in-gaming-laptop-ppd1983yntfa
158,www.smartprix.com/laptops/hp-pavilion-15-dk1151tx-gaming-laptop-10th-ppd1jcth9qt2
159,www.smartprix.com/laptops/hp-340s-g7-9ej44pa-laptop-10th-gen-core-i5-ppd1so5tqh2x
160,www.smartprix.com/laptops/hp-pavilion-15-dk1508tx-gaming-laptop-10th-ppd13fq1r07m
161,www.smartprix.com/laptops/msi-gf65-thin-10ser-1258in-laptop-10th-gen-ppd17w3vq1ot
162,www.smartprix.com/laptops/asus-rog-strix-scar-15-g533qs-hf059ts-gaming-ppd1e1de6pn5
163,www.smartprix.com/laptops/lenovo-legion-7i-81yu006hin-laptop-10th-gen-ppd15kz8nn2c
164,www.smartprix.com/laptops/asus-tuf-gaming-f15-fx506lu-hn075t-gaming-ppd1rvjoce3z
165,www.smartprix.com/laptops/asus-tuf-gaming-f15-fx506li-bq057t-gaming-ppd15lrff51t
166,www.smartprix.com/laptops/asus-rog-zephyrus-g14-ga401iv-ha112ts-gaming-ppd1z2c29ukl
167,www.smartprix.com/laptops/msi-creator-15m-gaming-a10se-467in-laptop-ppd1b0me70id
168,www.smartprix.com/laptops/hp-pavilion-16-a0100tx-gaming-laptop-10th-ppd1dia0126n
169,www.smartprix.com/laptops/asus-vivobook-gaming-2020-f571lh-al251t-laptop-ppd1n0wc3bot
170,www.smartprix.com/laptops/msi-gp75-leopard-10sfk-076in-laptop-10th-ppd1b1z40p7a
171,www.smartprix.com/laptops/lenovo-legion-5i-82au00kkin-laptop-10th-gen-ppd1y2tlpbx3
172,www.smartprix.com/laptops/lenovo-ideapad-gaming-3-82ey0024in-laptop-ppd1c22arco1
173,www.smartprix.com/laptops/asus-rog-strix-g17-g712lv-ev004ts-10th-gen-ppd1sidiun3b
174,www.smartprix.com/laptops/msi-ge66-dragonshield-10se-668in-gaming-laptop-ppd1u1yl59cn
175,www.smartprix.com/laptops/asus-tuf-gaming-f15-fx566li-hn162ts-laptop-ppd1n0b8d6se
176,www.smartprix.com/laptops/asus-tuf-gaming-fa706ih-h7031t-gaming-laptop-ppd1tj8sr2kt
177,www.smartprix.com/laptops/asus-tuf-a15-fa566iv-hn415t-gaming-laptop-ppd1w2riform
178,www.smartprix.com/laptops/asus-rog-strix-g15-g512lv-az225t-laptop-10th-ppd1bi5bfjj3
179,www.smartprix.com/laptops/msi-creator-17-a10sf-872in-gaming-laptop-ppd1x67mattx
180,www.smartprix.com/laptops/msi-gf65-thin-10sdr-437in-laptop-10th-gen-ppd1k7e9zagq
181,www.smartprix.com/laptops/dell-xps-15-7590-gaming-laptop-9th-gen-core-ppd1m2aamgwy
182,www.smartprix.com/laptops/msi-gp65-leopard-10sek-048-laptop-10th-gen-ppd1sm3tg9jz
183,www.smartprix.com/laptops/msi-gl65-leopard-9scxk-076in-laptop-9th-gen-ppd12ytjlk60
184,www.smartprix.com/laptops/msi-ge75-raider-10sfs-gaming-laptop-10th-ppd18493xug1
185,www.smartprix.com/laptops/msi-gl65-leopard-9scxk-065in-laptop-9th-gen-ppd1bou61icw
186,www.smartprix.com/laptops/msi-gf75-thin-10scsr-297in-laptop-10th-gen-ppd1xaqg3nhu
187,www.smartprix.com/laptops/asus-tuf-gaming-a15-fa506ih-bq024t-laptop-ppd1yau9rjeu
188,www.smartprix.com/laptops/asus-rog-zephyrus-g14-ga401iv-he184ts-gaming-ppd17at59ifk
189,www.smartprix.com/laptops/asus-tuf-gaming-fx505dt-bq151t-laptop-amd-ppd1y6xe2m19
190,www.smartprix.com/laptops/asus-rog-zephyrus-g14-ga401iv-he182ts-gaming-ppd1rvch48ul
191,www.smartprix.com/laptops/asus-rog-zephyrus-m15-2020-gu502lu-az108t-ppd12qd7broj
192,www.smartprix.com/laptops/asus-rog-zephyrus-g14-ga401ii-he217ts-laptop-ppd156p8e160
193,www.smartprix.com/laptops/asus-rog-zephyrus-m15-gu502lv-az002t-gaming-ppd17cvvg6ai
194,www.smartprix.com/laptops/asus-tuf-gaming-f15-fx566li-hn025t-laptop-ppd1khboz2hr
195,www.smartprix.com/laptops/asus-tuf-gaming-a15-fa506iv-hn294t-laptop-ppd1qa8gc302
196,www.smartprix.com/laptops/asus-tuf-gaming-f15-fx566li-hn027t-laptop-ppd1acfz6olb
197,www.smartprix.com/laptops/asus-tuf-gaming-a17-fa706ih-au016t-laptop-ppd1dtwmlvch
198,www.smartprix.com/laptops/acer-nitro-5-an515-55-nh-q7nsi-002-laptop-ppd1e0xmy9rm
199,www.smartprix.com/laptops/hp-elitebook-840-g7-243y2pa-business-laptop-ppd1nm24097u
200,www.smartprix.com/laptops/lenovo-legion-5i-82au00klin-laptop-10th-gen-ppd1zvcgtg3q
201,www.smartprix.com/laptops/asus-tuf-gaming-a17-fa706ih-au054t-gaming-ppd13k76vpb0
202,www.smartprix.com/laptops/msi-gs66-stealth-10sd-gaming-laptop-10th-ppd1ag2omai1
203,www.smartprix.com/laptops/lenovo-ideapad-gaming-3-82ey0026in-laptop-ppd1nknbll07
204,www.smartprix.com/laptops/lenovo-thinkpad-t490-20rys0a000-laptop-10th-ppd1z3lmmzhw
205,www.smartprix.com/laptops/hp-pavilion-gaming-15-ec0106ax-laptop-amd-ppd16lrzilqw
206,www.smartprix.com/laptops/asus-rog-zephyrus-g14-ga401ii-bm129ts-laptop-ppd1x0ywa1jf
207,www.smartprix.com/laptops/lenovo-legion-5i-82au00b9in-gaming-laptop-ppd19nsnkgc3
208,www.smartprix.com/laptops/acer-nitro-7-an715-51-laptop-9th-gen-core-ppd1icd57j43
209,www.smartprix.com/laptops/acer-nitro-5-an515-54-gaming-laptop-9th-gen-ppd1tftpq143
210,www.smartprix.com/laptops/asus-rog-zephyrus-s15-gx502lws-hf120t-gaming-ppd1101ns73i
211,www.smartprix.com/laptops/asus-rog-strix-g17-g712lu-ev002t-gaming-laptop-ppd112nqe1td
212,www.smartprix.com/laptops/asus-tuf-gaming-a15-fa506ih-al047t-laptop-ppd11loejl4x
213,www.smartprix.com/laptops/asus-strix-g17-g712lv-ev010t-10th-gen-core-ppd128w8mulq
214,www.smartprix.com/laptops/asus-tuf-gaming-a15-fa566iu-hn254t-laptop-ppd16ohmd20c
215,www.smartprix.com/laptops/asus-rog-zephyrus-m15-2020-gu502lv-hc140t-ppd1fc496gkw
216,www.smartprix.com/laptops/asus-tuf-gaming-fx505dt-bq157t-laptop-amd-ppd1hds6cs6z
217,www.smartprix.com/laptops/asus-strix-g17-g712lu-ev013t-10th-gen-core-ppd1l8im1b0k
218,www.smartprix.com/laptops/msi-ge75-raider-10sfs-463in-gaming-laptop-ppd1n0lpsq4g
219,www.smartprix.com/laptops/msi-gf63-thin-10scxr-gaming-laptop-10th-gen-ppd1ov83qet6
220,www.smartprix.com/laptops/asus-tuf-gaming-a15-fa506ih-al090t-laptop-ppd1pjxdcq7z
221,www.smartprix.com/laptops/asus-rog-strix-scar-g732lxs-hg059t-gaming-ppd1qacfvk0b
222,www.smartprix.com/laptops/asus-rog-strix-g15-g512li-hn095t-gaming-laptop-ppd1uo8h2clf
223,www.smartprix.com/laptops/asus-rog-zephyrus-g14-ga401ii-he154ts-laptop-ppd1vigt256x
224,www.smartprix.com/laptops/asus-tuf-gaming-a15-fa506ih-bq180t-laptop-ppd1w53jqeqe
225,www.smartprix.com/laptops/asus-rog-zephyrus-g15-gu502lv-az016t-gaming-ppd11ycv8x50
226,www.smartprix.com/laptops/asus-tuf-a15-fa566iu-hn246t-gaming-laptop-ppd14i2ot7og
227,www.smartprix.com/laptops/asus-rog-strix-g731gt-laptop-9th-gen-core-ppd18iakr4bn
228,www.smartprix.com/laptops/asus-rog-g703-g703gxr-ev078r-gaming-laptop-ppd1i564xvvv
229,www.smartprix.com/laptops/dell-alienware-m15-r2-laptop-9th-gen-core-ppd1jco9cvk1
230,www.smartprix.com/laptops/asus-rog-strix-g15-g512lu-al011t-laptop-10th-ppd1n3z3tntg
231,www.smartprix.com/laptops/asus-tuf-gaming-a15-fa566iu-hn244t-laptop-ppd1ndwbyt9y
232,www.smartprix.com/laptops/dell-alienware-area-51m-gaming-laptop-9th-ppd1pbd7cz6m
233,www.smartprix.com/laptops/asus-vivobook-15-x512jp-ej233ts-ultrabook-ppd1rm579s90
234,www.smartprix.com/laptops/asus-tuf-gaming-a15-fa506ih-al057t-laptop-ppd1xb43am0z
235,www.smartprix.com/laptops/asus-rog-zephyrus-g15-ga502iu-az043t-gaming-ppd1jwqx8rde
236,www.smartprix.com/laptops/hp-omen-15-ek0022tx-gaming-laptop-10th-gen-ppd1osaipl4n
237,www.smartprix.com/laptops/asus-rog-strix-g15-g512li-hn180t-laptop-10th-ppd1dk1dopj9
238,www.smartprix.com/laptops/dell-g3-3500-gaming-laptop-10th-gen-core-ppd108k3na3i
239,www.smartprix.com/laptops/acer-nitro-5-an515-55-58eb-nh-q7nsi-001-gaming-ppd16k2sc6i9
240,www.smartprix.com/laptops/msi-gf63-thin-9scsr-1039in-gaming-laptop-ppd16pz6j94y
241,www.smartprix.com/laptops/acer-aspire-7-a715-41g-r6s8-nh-q8dsi-001-ppd1plsuhvea
242,www.smartprix.com/laptops/msi-gf75-thin-9scxr-424in-gaming-laptop-9th-ppd1zx0ea3ui
243,www.smartprix.com/laptops/msi-gf63-thin-9scxr-862in-gaming-laptop-9th-ppd1dqr6v31v
244,www.smartprix.com/laptops/dell-g3-3500-gaming-laptop-10th-gen-core-ppd1rqjqz7en
245,www.smartprix.com/laptops/asus-rog-zephyrus-s17-gx701lv-ev003t-gaming-ppd198lw7952
246,www.smartprix.com/laptops/asus-rog-zephyrus-m15-gu502lv-az016t-gaming-ppd1sjtk3uia
247,www.smartprix.com/laptops/msi-bravo-15-a4ddr-208in-gaming-laptop-ryzen-ppd141ptqk2g
248,www.smartprix.com/laptops/msi-gl65-leopard-10sek-465in-gaming-laptop-ppd1i5r1c8d6
249,www.smartprix.com/laptops/msi-alpha-15-a3dd-264in-gaming-laptop-amd-ppd1s8p6bei5
250,www.smartprix.com/laptops/hp-pavilion-gaming-15-dk0046tx-laptop-9th-ppd13he57mgg
251,www.smartprix.com/laptops/hp-pavilion-x360-14-dw0069tu-laptop-10th-ppd194g47x9t
252,www.smartprix.com/laptops/hp-omen-15-ek0021tx-gaming-laptop-10th-gen-ppd1yvv0p3d1
253,www.smartprix.com/laptops/asus-rog-strix-g15-g512li-hn081t-gaming-laptop-ppd1781bfjqb
254,www.smartprix.com/laptops/msi-gf75-thin-9scsr-456in-gaming-laptop-9th-ppd1y4vjny3f
255,www.smartprix.com/laptops/dell-g5-5505-gaming-laptop-ryzen-7-8gb-512gb-ppd1zkre9505
256,www.smartprix.com/laptops/hp-pavilion-gaming-15-dk0268tx-laptop-9th-ppd1diqmm88i
257,www.smartprix.com/laptops/hp-omen-15-ek0020tx-gaming-laptop-10th-gen-ppd1o6g5jgq0
258,www.smartprix.com/laptops/lenovo-ideapad-gaming-3-82ey0078in-laptop-ppd1pw9ki1r2
259,www.smartprix.com/laptops/asus-tuf-fx505gm-bq344t-gaming-laptop-8th-ppd13t6m1jev
260,www.smartprix.com/laptops/asus-tuf-fa706ii-h7186t-gaming-laptop-ryzen-ppd1hg5qj42g
261,www.smartprix.com/laptops/msi-gp65-leopard-10sfk-037in-gaming-laptop-ppd10u0btp0k
262,www.smartprix.com/laptops/dell-g5-inspiron-15-5505-gaming-laptop-ryzen-ppd16vwhqeot
263,www.smartprix.com/laptops/acer-nitro-5-an515-43-un-q6zsi-001-laptop-ppd1flsrbuuy
264,www.smartprix.com/laptops/msi-ge75-raider-10sgs-054in-gaming-laptop-ppd18y99ukh0
265,www.smartprix.com/laptops/msi-gf63-thin-9scxr-418in-gaming-laptop-9th-ppd1lsz8hao1
266,www.smartprix.com/laptops/hp-pavilion-16-a0021tx-gaming-laptop-10th-ppd10w3a7xvu
267,www.smartprix.com/laptops/hp-pavilion-16-a0024tx-gaming-laptop-10th-ppd15jsof4x0
268,www.smartprix.com/laptops/hp-pavilion-16-a0022tx-gaming-laptop-10th-ppd1t4jck9w3
269,www.smartprix.com/laptops/hp-pavilion-15-dk0272tx-gaming-laptop-9th-ppd1t25hvmw2
270,www.smartprix.com/laptops/lenovo-legion-5i-82au00bain-laptop-10th-gen-ppd16wriwqij
271,www.smartprix.com/laptops/msi-gs66-stealth-10sfs-066in-gaming-laptop-ppd1f6sp65su
272,www.smartprix.com/laptops/msi-gf63-thin-10scsr-463in-gaming-laptop-ppd1hn15bh5c
273,www.smartprix.com/laptops/lenovo-ideapad-l340-81lk01l3in-gaming-laptop-ppd1gpaipotc
274,www.smartprix.com/laptops/lenovo-ideapad-15imh05-81y400bpin-gamimg-ppd16hk0qnr5
275,www.smartprix.com/laptops/lenovo-ideapad-15imh05-81y400bqin-gaming-ppd1l6vkmtwe
276,www.smartprix.com/laptops/asus-tuf-a15-fa566ii-hn230t-gaming-laptop-ppd169vnlfcb
277,www.smartprix.com/laptops/asus-vivobook-f571gt-bq619t-gaming-laptop-ppd1y2n4bicl
278,www.smartprix.com/laptops/msi-gf65-thin-9sd-293in-gaming-laptop-9th-ppd1mrcn7fiu
279,www.smartprix.com/laptops/acer-aspire-7-a715-75g-nh-q87si-001-laptop-ppd1rjlugzkq
280,www.smartprix.com/laptops/lenovo-ideapad-l340-81lk01j6in-laptop-9th-ppd1xk2ymzjk
281,www.smartprix.com/laptops/asus-rog-strix-g-g731gt-h7160t-laptop-laptop-ppd1t56seo70
282,www.smartprix.com/laptops/acer-nitro-5-an515-43-nh-q6zsi-002-gaming-ppd1gqtjz1n8
283,www.smartprix.com/laptops/asus-tuf-gaming-fx505dt-al106t-laptop-amd-ppd1iybvg53j
284,www.smartprix.com/laptops/acer-predator-helios-300-un-q5psi-007-gaming-ppd1vw1jvqnm
285,www.smartprix.com/laptops/acer-predator-triton-300-nh-q6dsi-002-gaming-ppd1ualpzuti
286,www.smartprix.com/laptops/lg-gram-17z990-laptop-8th-gen-core-i7-8gb-ppd120ymn86w
287,www.smartprix.com/laptops/dell-alienware-m15-r2-laptop-9th-gen-core-ppd12ayoxxqd
288,www.smartprix.com/laptops/hp-g4-elitebook-1040-laptop-7th-gen-core-ppd1tim5c4ch
289,www.smartprix.com/laptops/hp-pavilion-15-bc514tx-gaming-laptop-9th-ppd149phu74q
290,www.smartprix.com/laptops/lenovo-legion-y740-81uh006sin-gaming-laptop-ppd16ct763cl
291,www.smartprix.com/laptops/hp-pavilion-14-ce3022tx-laptop-10th-gen-core-ppd1kdwpcgvf
292,www.smartprix.com/laptops/lenovo-ideapad-l340-81lk00gxin-gaming-laptop-ppd1syy7wuoy
293,www.smartprix.com/laptops/asus-f571gd-bq259t-gaming-laptop-8th-gen-ppd11vrs5l25
294,www.smartprix.com/laptops/dell-g3-15-3579-gaming-laptop-8th-gen-core-ppd1ba3nyo4i
295,www.smartprix.com/laptops/asus-rog-strix-scar-iii-g531gw-az113t-gaming-ppd1z7kaffnj
296,www.smartprix.com/laptops/msi-alpha-15-a3dd-044in-gaming-laptop-amd-ppd1abg40cdd
297,www.smartprix.com/laptops/lenovo-legion-y7000-81v4000lin-gamimg-laptop-ppd1eknq9cim
298,www.smartprix.com/laptops/msi-gaming-gl65-9sek-260in-laptop-9th-gen-ppd1ssunxhmn
299,www.smartprix.com/laptops/msi-gf65-thin-9sd-laptop-9th-gen-core-i7-ppd10a48fjgr
300,www.smartprix.com/laptops/asus-fx505gd-bq347t-laptop-8th-gen-core-i5-ppd1p8io90bf
301,www.smartprix.com/laptops/asus-fx505dy-bq024t-gaming-laptop-amd-ryzen-ppd1ty0h5mpy
302,www.smartprix.com/laptops/asus-tuf-fx505gt-al007t-gaming-laptop-9th-ppd1u4p5sros
303,www.smartprix.com/laptops/hp-elitebook-x360-4su65ut-laptop-8th-gen-ppd1kh1czjr1
304,www.smartprix.com/laptops/asus-tuf-fx505dy-bq001t-gaming-laptop-amd-ppd1nmmko1kp
305,www.smartprix.com/laptops/asus-tuf-fx505gt-bq006t-gaming-laptop-9th-ppd1wx4fiv2c
306,www.smartprix.com/laptops/asus-tuf-fx505gd-bq316t-gaming-laptop-8th-ppd14ie9qfnq
307,www.smartprix.com/laptops/hp-pavilion-15-cx0056wm-2mw53ua-gaming-laptop-ppd12d96gma6
308,www.smartprix.com/laptops/hp-pavilion-15-ec0027ax-gaming-laptop-amd-ppd1h0udwpd1
309,www.smartprix.com/laptops/acer-nitro-5-an515-52-un-q3msi-007-gaming-ppd12v2rx3gm
310,www.smartprix.com/laptops/asus-zenbook-pro-duo-ux581gv-laptop-9th-gen-ppd1hxsok6oe
311,www.smartprix.com/laptops/msi-gl65-9sdk-214in-gaming-laptop-9th-gen-ppd1j1hk74lb
312,www.smartprix.com/laptops/dell-inspiron-g3-3590-gaming-laptop-9th-gen-ppd1a2v1wnur
313,www.smartprix.com/laptops/dell-inspiron-g3-3590-gaming-laptop-9th-gen-ppd1oqdxxgk3
314,www.smartprix.com/laptops/dell-inspiron-7000-g7-7590-gaming-laptop-ppd1rqskq8ra
315,www.smartprix.com/laptops/dell-inspiron-g7-7590-gaming-laptop-9th-gen-ppd1yxn0ee59
316,www.smartprix.com/laptops/hp-15s-dr0002tx-laptop-8th-gen-core-i5-8gb-ppd1e5b0m10m
317,www.smartprix.com/laptops/acer-nitro-7-an715-51-gaming-laptop-9th-gen-ppd1jr7x8jou
318,www.smartprix.com/laptops/asus-tuf-fx505dt-al118t-gaming-laptop-ryzen-ppd1xj2u856q
319,www.smartprix.com/laptops/asus-tuf-fx505dd-al146t-gaming-laptop-amd-ppd1gm0s63uf
320,www.smartprix.com/laptops/asus-rog-strix-g-g531gd-bq026t-gaming-laptop-ppd1ecu3y7kn
321,www.smartprix.com/laptops/acer-nitro-5-an515-43-un-q5xsi-001-gaming-ppd146k7nz00
322,www.smartprix.com/laptops/msi-gf63-thin-9rcx-648in-gaming-laptop-9th-ppd1g1zos1sy
323,www.smartprix.com/laptops/acer-nitro-5-an515-43-nh-q5xsi-002-gaming-ppd1epekei43
324,www.smartprix.com/laptops/asus-rog-strix-g731gt-au022t-laptop-9th-gen-ppd11nkmcifp
325,www.smartprix.com/laptops/lenovo-legion-y540-81sy00b6in-laptop-9th-ppd14ma05449
326,www.smartprix.com/laptops/asus-rog-strix-g731gt-au006t-laptop-9th-gen-ppd16qn0hrom
327,www.smartprix.com/laptops/lenovo-l340-81lk004nin-gaming-laptop-9th-ppd102lxeuak
328,www.smartprix.com/laptops/asus-tuf-fx705dt-au020t-laptop-amd-ryzen-ppd19zg9ub6h
329,www.smartprix.com/laptops/hp-pavilion-15-bc515tx-gaming-laptop-9th-ppd1joop05a6
330,www.smartprix.com/laptops/asus-rog-strix-g-g531gt-bq024t-gaming-laptop-ppd17589xppk
331,www.smartprix.com/laptops/asus-rog-g703gxr-ev078r-gaming-laptop-9th-ppd1jldkaqm2
332,www.smartprix.com/laptops/asus-rog-strix-g-g531gt-al018t-gaming-laptop-ppd1k6nxu4x8
333,www.smartprix.com/laptops/asus-rog-strix-g-g531gd-bq036t-gaming-laptop-ppd1ow70d8h0
334,www.smartprix.com/laptops/asus-rog-strix-g-g531gt-al041t-gaming-laptop-ppd1s3x500k3
335,www.smartprix.com/laptops/asus-rog-strix-g-g531gt-al030t-gaming-laptop-ppd1vg9hwprd
336,www.smartprix.com/laptops/hp-pavilion-15-dk0045tx-7lh00pa-gaming-laptop-ppd1sow1ie5i
337,www.smartprix.com/laptops/hp-15-dk0051tx-gaming-laptop-9th-gen-core-ppd15dhzcw8p
338,www.smartprix.com/laptops/hp-omen-15-dc1092tx-gaming-laptop-9th-gen-ppd1e3j9198w
339,www.smartprix.com/laptops/hp-omen-15-dc1093tx-gaming-laptop-9th-gen-ppd1q93n5ebk
340,www.smartprix.com/laptops/hp-pavilion-15-dk0052tx-gaming-laptop-9th-ppd1uxtpz51b
341,www.smartprix.com/laptops/asus-tuf-fx705dt-au028t-laptop-amd-ryzen-ppd1047grund
342,www.smartprix.com/laptops/msi-gl63-9sek-801in-gaming-laptop-9th-gen-ppd1togwklt2
343,www.smartprix.com/laptops/asus-tuf-fx505dd-al199t-laptop-ryzen-5-8gb-ppd1040vqumz
344,www.smartprix.com/laptops/msi-prestige-ps42-modern-8mo-075in-laptop-ppd16mc6d24y
345,www.smartprix.com/laptops/asus-tuf-fx505dt-al003t-laptop-ryzen-7-8gb-ppd1nipt4vwm
346,www.smartprix.com/laptops/asus-tuf-fx505dt-al033t-laptop-ryzen-7-8gb-ppd1y4lmx87n
347,www.smartprix.com/laptops/lenovo-ideapad-330e-81de01jvin-laptop-8th-ppd1wbh4zj2p
348,www.smartprix.com/laptops/msi-gp75-leopard-9se-485in-laptop-9th-gen-ppd14u01h9r0
349,www.smartprix.com/laptops/hp-omen-15-dc1009tx-gaming-laptop-8th-gen-ppd1plyvb0wb
350,www.smartprix.com/laptops/asus-vivobook-s14-s430fa-gaming-laptop-8th-ppd1eh4lukjc
351,www.smartprix.com/laptops/alienware-15-aw159321tb8s-gaming-laptop-8th-ppd12jwl59jg
352,www.smartprix.com/laptops/asus-tuf-fx705dy-au027t-gaming-laptop-ryzen-ppd165bbbifm
353,www.smartprix.com/laptops/dell-alienware-17-r5-aw177161tb8s-laptop-ppd18xlx80zr
354,www.smartprix.com/laptops/dell-alienware-m15-laptop-8th-gen-ci7-8gb-ppd19vnhg2ql
355,www.smartprix.com/laptops/asus-rog-strix-scar-ii-gl504gv-es019t-gaming-ppd1q7msv846
356,www.smartprix.com/laptops/asus-tuf-fx505dy-bq002t-laptop-amd-ryzen-ppd10n80fi2j
357,www.smartprix.com/laptops/lenovo-legion-y530-81fv00q2in-laptop-8th-ppd1i3dn4sd7
358,www.smartprix.com/laptops/msi-gf75-thin-8rd-laptop-8th-gen-core-i7-ppd15ht1bvli
359,www.smartprix.com/laptops/msi-prestige-ps63-modern-8rc-laptop-8th-gen-ppd1s68zozss
360,www.smartprix.com/laptops/hp-zbook-15-g5-5lb34pa-laptop-8th-gen-core-ppd1q5ipbr1v
361,www.smartprix.com/laptops/asus-rog-strix-gl503ge-en269t-gaming-laptop-ppd194sxxfbk
362,www.smartprix.com/laptops/dell-alienware-17-laptop-8th-gen-ci9-32gb-ppd1e6y7mof8
363,www.smartprix.com/laptops/dell-alienware-area-51m-gaming-laptop-9th-ppd1v3bi70ay
364,www.smartprix.com/laptops/asus-tuf-fx504gm-en394t-laptop-8th-gen-ci7-ppd1hcojp05e
365,www.smartprix.com/laptops/lenovo-legion-y7000-gaming-laptop-8th-gen-ppd1s4i3g2ri
366,www.smartprix.com/laptops/acer-predator-helios-ph517-51-nh-q3nsi-002-ppd1ezhkjpwx
367,www.smartprix.com/laptops/acer-predator-g9-793-nh-q1tsi-003-notebook-ppd1gxjs02fi
368,www.smartprix.com/laptops/hp-15-da0434tx-5cp03pa-laptop-7th-gen-ci3-ppd15baz8v0u
369,www.smartprix.com/laptops/asus-rog-g703gi-e5148t-laptop-8th-gen-ci9-ppd1cmbnfp1t
370,www.smartprix.com/laptops/mechrevo-deep-sea-titan-x2-laptop-8th-gen-ppd10q8ghntu
371,www.smartprix.com/laptops/mechrevo-deep-sea-titan-x1-gaming-laptop-ppd1gqazvbv0
372,www.smartprix.com/laptops/mechrevo-deep-sea-ghost-z2-gaming-laptop-ppd1t1lnc5bs
373,www.smartprix.com/laptops/msi-gt75vr-7rf-titan-pro-laptop-7th-gen-ci7-ppd14o6ykt6w
374,www.smartprix.com/laptops/asus-rog-strix-scar-ii-gl504gs-es113t-laptop-ppd1s21mleqo
375,www.smartprix.com/laptops/asus-fx570ud-e4168t-laptop-8th-gen-ci5-8gb-ppd1xeve3mf0
376,www.smartprix.com/laptops/asus-rog-strix-hero-ii-gl504gm-es152t-laptop-ppd1s4kxa2mx
377,www.smartprix.com/laptops/dell-alienware-m15-laptop-8th-gen-ci7-16gb-ppd1xjafk84t
378,www.smartprix.com/laptops/msi-gv62-7rd-2824in-gaming-laptop-7th-gen-ppd1e5bnbxk5
379,www.smartprix.com/laptops/dell-alienware-17-a569976sin9-laptop-7th-ppd1gie4hbeh
380,www.smartprix.com/laptops/hp-pavilion-15-bc406tx-4wc97pa-gaming-laptop-ppd14u4k4qvb
381,www.smartprix.com/laptops/msi-gt83-8rg-007in-laptop-8th-gen-ci7-32gb-ppd1zi21csf2
382,www.smartprix.com/laptops/msi-gf63-8rd-078in-gaming-laptop-8th-gen-ppd1kq4vh9ba
383,www.smartprix.com/laptops/dell-g3-15-3579-laptop-8th-gen-ci7-16gb-1tb-ppd1nmpex0wg
384,www.smartprix.com/laptops/msi-gv62-8re-050in-gaming-laptop-8th-gen-ppd1cshl7lb1
385,www.smartprix.com/laptops/microsoft-surface-book-cr7-00001-laptop-6th-ppd1j1mdg729
386,www.smartprix.com/laptops/hp-17-bs061st-1kv34ua-laptop-7th-gen-ci3-8gb-1tb-wi-p1301vohhkqw
387,www.smartprix.com/laptops/asus-fx504ge-e4366t-gaming-laptop-8th-gen-ci5-8gb-1-p1301c38s16r
388,www.smartprix.com/laptops/hp-envy-x360-15-aq273cl-2-in-1-laptop-8th-gen-ci7-8-p1301zwa1tgk
389,www.smartprix.com/laptops/hp-omen-x-17-ap047tx-3wv18pa-laptop-7th-gen-ci7-32g-p13016stirhm
390,www.smartprix.com/laptops/xiaomi-mi-gaming-laptop-7th-gen-ci7-16gb-1tb-256gb-p13013j1kgsk
391,www.smartprix.com/laptops/asus-fx503vd-dm111t-laptop-7th-gen-ci7-8gb-1tb-win1-p1301g292vxq
392,www.smartprix.com/laptops/asus-n580vd-fi418t-laptop-7th-gen-ci7-16gb-1tb-128g-p13011iayjs7
393,www.smartprix.com/laptops/asus-r542uq-dm153-laptop-7th-gen-ci5-8gb-1tb-freedo-p1301ubjsd31
394,www.smartprix.com/laptops/asus-r542uq-dm164-laptop-7th-gen-ci5-8gb-1tb-freedo-p1301vfqnwg4
395,www.smartprix.com/laptops/hp-omen-17-an010tx-2fk67pa-laptop-7th-gen-ci7-16gb-p13012vendaq
396,www.smartprix.com/laptops/hp-omen-15-ce074tx-2gd84pa-laptop-7th-gen-ci7-16gb-p1301pl9jgj6
397,www.smartprix.com/laptops/hp-omen-15-ax002tx-x0g99pa-laptop-6th-gen-ci7-8gb-1-p1301g4xfwjg
398,www.smartprix.com/laptops/hp-omen-15-ax252tx-1zu02pa-laptop-7th-gen-ci7-8gb-1-p1301bsjk79r
399,www.smartprix.com/laptops/acer-predator-17-g9-793-nh-q1vsi-002-notebook-7th-g-p1301vexv4jt
400,www.smartprix.com/laptops/asus-rog-gl553ve-fy127t-notebook-7th-gen-ci7-16gb-1-p13018b8fk50
401,www.smartprix.com/laptops/lenovo-ideapad-y700-80q000e3ih-notebook-6th-gen-ci7-p1301ilmdybg
