,Link Laptop Available
0,www.smartprix.com/laptops/hp-pavilion-15-ec2004ax-gaming-laptop-amd-ppd10vptlybp
1,www.smartprix.com/laptops/acer-aspire-7-a715-75g-nh-qgbsi-001-gaming-ppd19bn51bbs
2,www.smartprix.com/laptops/acer-aspire-7-a715-51g-nh-qgcsi-001-gaming-ppd1ridogtvn
3,www.smartprix.com/laptops/lenovo-ideapad-gaming-3-82k101ecin-laptop-ppd1ikfztkw7
4,www.smartprix.com/laptops/asus-vivobook-16x-2022-m1603qa-mb511ws-laptop-ppd1kptwt71b
5,www.smartprix.com/laptops/hp-victus-15-fa0092tx-laptop-12th-gen-core-ppd1xte9igz4
6,www.smartprix.com/laptops/lenovo-ideapad-gaming-3-15ihu6-82k101b6in-ppd1niq2zpvr
7,www.smartprix.com/laptops/msi-thin-gf63-11sc-852in-gaming-laptop-11th-ppd13ioaik8s
8,www.smartprix.com/laptops/hp-victus-15-fa0070tx-laptop-12th-gen-core-ppd188q9zifv
9,www.smartprix.com/laptops/lenovo-ideapad-gaming-3-82k201uein-laptop-ppd1gx7c4f0e
10,www.smartprix.com/laptops/dell-g1-5-5511-gaming-laptop-11th-gen-core-ppd1ggtjyf1d
11,www.smartprix.com/laptops/lenovo-ideapad-gaming-3-82k1017win-laptop-ppd15r49wtbj
12,www.smartprix.com/laptops/lenovo-ideapad-gaming-3-82k10198in-laptop-ppd1vw6ytfl9
13,www.smartprix.com/laptops/acer-nitro-5-an515-56-gaming-laptop-11th-i5-ppd177xoalwx
14,www.smartprix.com/laptops/acer-aspire-5-a515-57g-un-k9tsi-002-gaming-ppd13k4ahwq7
15,www.smartprix.com/laptops/hp-victus-15-fa0165tx-laptop-12th-gen-core-ppd1fmcqiky6
16,www.smartprix.com/laptops/asus-tuf-gaming-a17-fa706ihrb-hx041w-gaming-ppd1auuvwhvw
17,www.smartprix.com/laptops/msi-thin-gf63-11sc-853in-gaming-laptop-11th-ppd1m8i8h3wq
18,www.smartprix.com/laptops/hp-pavilion-15-dk2100tx-gaming-laptop-11th-ppd10iwi4v5d
19,www.smartprix.com/laptops/asus-tuf-gaming-a15-2022-fa506qm-hn008w-gaming-ppd10ascrpm8
20,www.smartprix.com/laptops/hp-victus-15-fa0354tx-laptop-12th-gen-core-ppd10txal30t
21,www.smartprix.com/laptops/acer-aspire-5-a515-57g-gaming-laptop-12th-ppd1wxjgnl2v
22,www.smartprix.com/laptops/asus-tuf-gaming-f15-fx506lhb-hn355ws-gaming-ppd1dcxzhxs2
23,www.smartprix.com/laptops/dell-g15-5520-laptop-12th-gen-core-i7-16gb-ppd1ngmpl000
24,www.smartprix.com/laptops/lenovo-legion-5-82rb00k8in-laptop-12th-gen-ppd1k0vgth9t
25,www.smartprix.com/laptops/lenovo-ideapad-gaming-3-82k201yain-laptop-ppd1up2uoir7
26,www.smartprix.com/laptops/hp-omen-16-n0079ax-gaming-laptop-amd-ryzen-ppd1owf3d3id
27,www.smartprix.com/laptops/acer-aspire-7-a715-5g-un-qgbsi-002-gaming-ppd13fvrh2q7
28,www.smartprix.com/laptops/hp-victus-15-fb0040ax-gaming-laptop-amd-ryzen-ppd17h585et7
29,www.smartprix.com/laptops/asus-tuf-gaming-a15-2022-fa577rm-hn090ws-ppd1qoq9wila
30,www.smartprix.com/laptops/asus-tuf-gaming-f17-fx707zm-hx030ws-laptop-ppd1y3n46tcm
31,www.smartprix.com/laptops/hp-pavilion-15-ec2145ax-gaming-laptop-ryzen-ppd1wnu6loht
32,www.smartprix.com/laptops/msi-bravo-15-b5dd-043in-gaming-laptop-ryzen-ppd1hos9r8cl
33,www.smartprix.com/laptops/hp-victus-16-e0075ax-gaming-laptop-amd-ryzen-ppd1ufbrcvsz
34,www.smartprix.com/laptops/lenovo-legion-s7-82tf007lin-gaming-laptop-ppd1zoo3vexu
35,www.smartprix.com/laptops/dell-g15-5521-d560897win9s-gaming-laptop-ppd1aewzle0b
36,www.smartprix.com/laptops/dell-g15-5521-d560899win9s-gaming-laptop-ppd1vevig5yi
37,www.smartprix.com/laptops/msi-stealth-gs66-12ugs-290in-gaming-laptop-ppd1e8vtgami
38,www.smartprix.com/laptops/msi-gf63-thin-10sc-848in-gaming-laptop-10th-ppd1irmsnxbg
39,www.smartprix.com/laptops/msi-thin-gf63-11sc-1046in-gaming-laptop-11th-ppd12ohrhz9f
40,www.smartprix.com/laptops/msi-vector-gp66-12ueo-646in-gaming-laptop-ppd1qh4vpb0a
41,www.smartprix.com/laptops/acer-predator-helios-300-ph315-55-gaming-ppd188mcz6f9
42,www.smartprix.com/laptops/acer-nitro-5-an515-45-gaming-laptop-amd-ryzen-ppd19e76dk32
43,www.smartprix.com/laptops/asus-tuf-dash-f15-2022-fx517zc-hn108ws-gaming-ppd1cq3o8h0f
44,www.smartprix.com/laptops/lenovo-ideapad-gaming-3-82k1019ain-laptop-ppd1vdjq5hk1
45,www.smartprix.com/laptops/hp-victus-15-fa0073tx-laptop-12th-gen-core-ppd1msg65guz
46,www.smartprix.com/laptops/asus-rog-strix-g17-2022-g713ie-hx040w-gaming-ppd1mz4ghyus
47,www.smartprix.com/laptops/msi-gaming-crosshair-15-b12uez-677in-laptop-ppd15zn180qk
48,www.smartprix.com/laptops/asus-tuf-gaming-f15-fa506ihrb-hn079w-gaming-ppd1n0bkwu5v
49,www.smartprix.com/laptops/dell-inspiron-5520-laptop-12th-gen-core-i5-ppd1p5qcmsu2
50,www.smartprix.com/laptops/hp-pavilion-15-ec2146ax-gaming-laptop-ryzen-ppd19l5bf5vq
51,www.smartprix.com/laptops/hp-pavilion-15-ec2150ax-laptop-ryzen-5-5600h-ppd1ql0f4xv8
52,www.smartprix.com/laptops/asus-vivobook-pro-15-oled-m6500qh-hn501ws-ppd104r0wrd9
53,www.smartprix.com/laptops/msi-raider-ge67-hx-12uhs-laptop-12th-gen-ppd12vf3cyn1
54,www.smartprix.com/laptops/dell-g15-5520-d560895win9s-laptop-12th-gen-ppd1i8mr2qau
55,www.smartprix.com/laptops/lenovo-ideapad-gaming-3-82s900hnin-laptop-ppd1qeocpx5x
56,www.smartprix.com/laptops/lenovo-legion-5-pro-16iah7h-82rf00dyin-gaming-ppd1k88y80p6
57,www.smartprix.com/laptops/msi-gaming-katana-gf76-11sc-847in-laptop-ppd1ndlgb3ty
58,www.smartprix.com/laptops/dell-g15-5521-se-d560738win9b-laptop-12th-ppd17mpn2hky
59,www.smartprix.com/laptops/asus-tuf-gaming-a15-fa506ihrz-hn111w-laptop-ppd15prc5d3b
60,www.smartprix.com/laptops/msi-katana-gf66-12uc-045in-gaming-laptop-ppd1zyggr6lx
61,www.smartprix.com/laptops/asus-tuf-gaming-f15-fx577zm-hq067ws-laptop-ppd1f9hf79dl
62,www.smartprix.com/laptops/dell-g15-5511-gaming-laptop-11th-gen-core-i5-8gb-ppd1c2oq1jf7
63,www.smartprix.com/laptops/asus-tuf-gaming-a15-2021-fa506qm-hn124w-laptop-ppd1sry2a35m
64,www.smartprix.com/laptops/hp-victus-16-e0162ax-gaming-laptop-ryzen-ppd1dqkvafzg
65,www.smartprix.com/laptops/dell-alienware-m15-r7-gaming-laptop-12th-ppd1icmkcdlt
66,www.smartprix.com/laptops/dell-g15-5525-d560898win9s-gaming-laptop-ppd1s63uc9f3
67,www.smartprix.com/laptops/lenovo-ideapad-gaming-3-82k101e1in-laptop-ppd15uqeov4s
68,www.smartprix.com/laptops/hp-victus-15-fb0082ax-gaming-laptop-amd-ryzen-ppd1eaw1pel9
69,www.smartprix.com/laptops/lenovo-legion-5-82jk00lyin-laptop-11th-gen-ppd1w626oxo8
70,www.smartprix.com/laptops/hp-omen-16-c0141ax-laptop-ryzen-9-5900h-16gb-ppd1w8uhar83
71,www.smartprix.com/laptops/lenovo-ideapad-gaming-3-82k1019bin-laptop-ppd1tvmcwu06
72,www.smartprix.com/laptops/msi-katana-gf66-12ud-640in-gaming-laptop-ppd1owsgcl2g
73,www.smartprix.com/laptops/msi-gaming-katana-gf76-11uc-848in-laptop-ppd1raun6yqh
74,www.smartprix.com/laptops/gigabyte-aorus-5-se4-gaming-laptop-12th-gen-ppd1hx4pn2iv
75,www.smartprix.com/laptops/lenovo-ideapad-gaming-3-82sa00b2in-laptop-ppd1q7i9c04m
76,www.smartprix.com/laptops/acer-nitro-5-an515-45-nh-qclsi-004-gaming-ppd1fmecpnaa
77,www.smartprix.com/laptops/msi-alpha-15-b5eek-235in-laptop-ryzen-7-5800h-ppd1tqzrxumz
78,www.smartprix.com/laptops/lenovo-ideapad-gaming-3-15iah7-82s900r6in-ppd1nhe2jcko
79,www.smartprix.com/laptops/lenovo-ideapad-gaming-3-15ach6-82k201y8in-ppd1gmj5revd
80,www.smartprix.com/laptops/hp-victus-15-fa0353tx-laptop-12th-gen-core-ppd1xenxte83
81,www.smartprix.com/laptops/lenovo-ideapad-gaming-3-82k201y9in-laptop-ppd1z3b0n5gf
82,www.smartprix.com/laptops/asus-tuf-gaming-a17-fa706ihr-hx031w-gaming-ppd1gn1py00r
83,www.smartprix.com/laptops/panasonic-toughbook-40-laptop-11th-gen-core-ppd17qplx0kb
84,www.smartprix.com/laptops/hp-victus-15-fb0050ax-gaming-laptop-amd-ryzen-ppd1fxge9mi9
85,www.smartprix.com/laptops/hp-pavilion-x360-14-ek0088tu-laptop-12th-ppd1cs30uuuh
86,www.smartprix.com/laptops/msi-thin-gf63-11uc-866in-gaming-laptop-11th-ppd1iqd438xj
87,www.smartprix.com/laptops/asus-rog-zephyrus-g14-2022-ga402rk-l8148ws-ppd15yltgw0e
88,www.smartprix.com/laptops/asus-rog-flow-x16-2022-gv601rm-m6054ws-gaming-ppd1xv66cilc
89,www.smartprix.com/laptops/msi-thin-gf63-11uc-867in-gaming-laptop-11th-ppd13sqktxud
90,www.smartprix.com/laptops/hp-victus-15-fa0350tx-laptop-12th-gen-core-ppd1464mi5ql
91,www.smartprix.com/laptops/hp-pavilion-x360-14-ek0086tu-laptop-12th-ppd1kkoftbgk
92,www.smartprix.com/laptops/asus-tuf-gaming-a15-fa506icb-hn075w-laptop-ppd1uwjlu6n8
93,www.smartprix.com/laptops/asus-tuf-gaming-a15-2022-fa577re-hn055ws-ppd1qscnrual
94,www.smartprix.com/laptops/asus-tuf-dash-f15-2022-fx517zc-hn083ws-gaming-ppd1pnim6mu0
95,www.smartprix.com/laptops/hp-victus-16-e0650ax-gaming-laptop-amd-ryzen-ppd18gt36b34
96,www.smartprix.com/laptops/acer-nitro-5-an515-57-un-qehsi-004-laptop-ppd1527cmggo
97,www.smartprix.com/laptops/lenovo-ideapad-gaming-3-82k101b7in-laptop-ppd19a3p309m
98,www.smartprix.com/laptops/asus-rog-flow-z13-2022-gz301ze-ld064ws-gaming-ppd1vxsngeuz
99,www.smartprix.com/laptops/asus-tuf-gaming-f15-fx507zm-hf068ws-laptop-ppd1vf5qbg6g
100,www.smartprix.com/laptops/msi-thin-gf63-11uc-850in-gaming-laptop-11th-ppd1blxxy5nc
101,www.smartprix.com/laptops/msi-sword-15-a12uc-467in-gaming-laptop-12th-ppd129zjiq45
102,www.smartprix.com/laptops/hp-victus-16-d0361tx-laptop-11th-gen-core-ppd1dc7017am
103,www.smartprix.com/laptops/asus-tuf-gaming-a15-fa506ic-hn075w-laptop-ppd1yqzxm0w5
104,www.smartprix.com/laptops/dell-g15-5520-laptop-12th-gen-core-i5-16gb-ppd13ztoulvc
105,www.smartprix.com/laptops/asus-tuf-gaming-f15-fx506lh-hn258ws-gaming-ppd1cohyab22
106,www.smartprix.com/laptops/lenovo-ideapad-gaming-3-15ihu6-82k10168in-ppd12obs724q
107,www.smartprix.com/laptops/asus-rog-strix-g17-2022-g713rc-hx021w-gaming-ppd1ipj21nj3
108,www.smartprix.com/laptops/asus-rog-strix-g15-g513qe-hn166ts-gaming-ppd1i413g1l1
109,www.smartprix.com/laptops/lenovo-ideapad-gaming-3-82k100mvin-laptop-ppd179c8whdl
110,www.smartprix.com/laptops/hp-victus-16t-d000-laptop-11th-gen-core-i7-ppd1vozbpdb6
111,www.smartprix.com/laptops/lenovo-legion-5-15arh05-82b500rdin-gaming-ppd1ib8eqbhh
112,www.smartprix.com/laptops/hp-pavilion-15-ec1512ax-gaming-laptop-amd-ppd1fgva0yv3
113,www.smartprix.com/laptops/asus-rog-flow-x13-gv301qh-k5462ts-gaming-ppd1d4i8pefl
114,www.smartprix.com/laptops/acer-aspire-7-a715-75g-nh-q97si-001-laptop-ppd1dqx56htm
115,www.smartprix.com/laptops/asus-tuf-gaming-f15-fx506lh-hn258t-laptop-ppd1obe5ho9j
116,www.smartprix.com/laptops/asus-vivobook-f571li-al146t-gaming-laptop-ppd1aa0eo3n0
117,www.smartprix.com/laptops/acer-aspire-5-a515-57-laptop-12th-gen-core-ppd1n33xbc8d
118,www.smartprix.com/laptops/gigabyte-g5-ke-rc55ke-laptop-12th-gen-core-ppd1u7o4qzvb
119,www.smartprix.com/laptops/gigabyte-g5-me-rc55me-laptop-12th-gen-core-ppd1qyrit0bd
120,www.smartprix.com/laptops/gigabyte-g5-ge-rc55ge-laptop-12th-gen-core-ppd1qy75ve1z
121,www.smartprix.com/laptops/msi-gt77-titan-12uhs-9s7-17q111-202-gaming-ppd1jardp281
122,www.smartprix.com/laptops/asus-tuf-gaming-f15-fx506lhb-hn358w-gaming-ppd1f3c96mwl
123,www.smartprix.com/laptops/dell-alienware-x17-r1-d569936win9-gaming-ppd1yrn008uk
124,www.smartprix.com/laptops/dell-g15-5511-g15-7736blk-pus-gaming-laptop-ppd1pce03bfr
125,www.smartprix.com/laptops/hp-victus-16-e0550ax-gaming-laptop-amd-ryzen-ppd11t3w3d4n
126,www.smartprix.com/laptops/dell-g15-5525-d560894win9s-gaming-laptop-ppd1jg1zp1mp
127,www.smartprix.com/laptops/dell-g15-5525-gaming-laptop-ryzen-9-6900hx-ppd17ly0vf1m
128,www.smartprix.com/laptops/acer-aspire-5-a515-57-gaming-laptop-12th-ppd112ob9hbf
129,www.smartprix.com/laptops/acer-aspire-3-a315-58-nx-addsi-011-laptop-ppd1bl1a7cbl
130,www.smartprix.com/laptops/asus-tuf-gaming-a15-fa506ihrz-hn112w-laptop-ppd1ipk78baz
131,www.smartprix.com/laptops/dell-alienware-m15-r6-gaming-laptop-11th-ppd1mkevuoco
132,www.smartprix.com/laptops/lenovo-legion-5-82b500eein-gaming-laptop-ppd1inb7bzh3
133,www.smartprix.com/laptops/asus-rog-strix-g17-2022-g713rs-ll023ws-gaming-ppd188nfprqq
134,www.smartprix.com/laptops/agb-octev-vr-1818-gaming-laptop-11th-gen-ppd1u3pqho3r
135,www.smartprix.com/laptops/msi-creator-z16p-b12ukst-209in-gaming-laptop-ppd10fktht6o
136,www.smartprix.com/laptops/hp-omen-16-n0051ax-gaming-laptop-amd-ryzen-ppd1ni8pvpbl
137,www.smartprix.com/laptops/hp-omen-16-n0054ax-gaming-laptop-amd-ryzen-ppd1btu5ubmr
138,www.smartprix.com/laptops/hp-omen-7th-gen-amd-ryzen-6800h-16-1-inch-ppd1tkadyg0r
139,www.smartprix.com/laptops/hp-omen16-n0050ax-gaming-laptop-amd-ryzen-ppd148cfs3ej
140,www.smartprix.com/laptops/lenovo-ideapad-gaming-3-82k201v2in-laptop-ppd1pmxs8j9s
141,www.smartprix.com/laptops/msi-katana-gf66-11ue-249in-gaming-laptop-ppd1g9aicx12
142,www.smartprix.com/laptops/lenovo-ideapad-gaming-3-15iah7-82s900kqin-ppd14wbd7964
143,www.smartprix.com/laptops/lenovo-ideapad-gaming-3-15ihu6-82k101edin-ppd1b927o9wk
144,www.smartprix.com/laptops/acer-predator-helios-300-ph315-54-gaming-1tb-ppd10dr6lp87
145,www.smartprix.com/laptops/acer-predator-helios-300-ph315-55s-spatial-ppd1ip57qyjo
146,www.smartprix.com/laptops/lenovo-legion-5-pro-82jq011fin-laptop-amd-ppd1v4hzy7tn
147,www.smartprix.com/laptops/asus-tuf-f15-fa507re-hn043ws-2022-gaming-ppd1kunmojs3
148,www.smartprix.com/laptops/hp-omen-16-c0136ax-laptop-amd-ryzen-5-5600h-ppd12m6bmx6b
149,www.smartprix.com/laptops/lenovo-legion-5-pro-82rg00ekin-laptop-amd-ppd1jcjzmubx
150,www.smartprix.com/laptops/gigabyte-aero-5-xe4-oled-laptop-12th-gen-ppd1yfjwut93
151,www.smartprix.com/laptops/asus-rog-flow-x13-gv301qh-k5460ts-gaming-ppd1e1ty5hlm
152,www.smartprix.com/laptops/msi-creator-m16-a11uc-669in-laptop-11th-gen-ppd1w4fa9q4m
153,www.smartprix.com/laptops/asus-rog-zephyrus-g14-ga402rjz-l4136ws-gaming-ppd14uev0ttj
154,www.smartprix.com/laptops/asus-rog-flow-x16-2022-gv601rm-m5053ws-gaming-ppd1h66ut4k7
155,www.smartprix.com/laptops/asus-rog-flow-x16-2022-gv601rm-m6055ws-gaming-ppd18nry7tli
156,www.smartprix.com/laptops/asus-rog-flow-x16-2022-gv601rm-m5039ws-gaming-ppd1x8xqvwym
157,www.smartprix.com/laptops/msi-katana-gf66-12ue-1001in-gaming-laptop-ppd1iagalhg7
158,www.smartprix.com/laptops/msi-katana-gf66-12uc-636in-gaming-laptop-ppd1fv49pecr
159,www.smartprix.com/laptops/msi-gaming-katana-gf66-12ue-1002in-laptop-ppd1v1t8ijq9
160,www.smartprix.com/laptops/msi-gaming-katana-gf76-11ud-849in-laptop-ppd1xretkb0x
161,www.smartprix.com/laptops/asus-tuf-gaming-f15-fx566hcb-hn231t-gaming-ppd1wxj3sn0f
162,www.smartprix.com/laptops/hp-victus-15-fb0052ax-gaming-laptop-amd-ryzen-ppd1p862bclc
163,www.smartprix.com/laptops/agb-octev-ga-9009-gaming-laptop-11th-gen-ppd1tel8mfig
164,www.smartprix.com/laptops/lenovo-15ach6-82jw00p5in-laptop-ryzen-5-5600h-ppd1o8570joh
165,www.smartprix.com/laptops/asus-rog-strix-g17-2022-g713rw-kh110ws-gaming-ppd1k9jwi3rn
166,www.smartprix.com/laptops/gigabyte-aorus-5-ke4-oled-laptop-12th-gen-ppd1pclv5f7o
167,www.smartprix.com/laptops/lenovo-legion-5-82ju00syin-laptop-amd-ryzen-ppd1wvy7ys3g
168,www.smartprix.com/laptops/msi-crosshair-15-b12uez-897in-gaming-laptop-ppd1r265378j
169,www.smartprix.com/laptops/msi-crosshair-15-b12ugz-1012in-gaming-laptop-ppd1jcwex3wk
170,www.smartprix.com/laptops/msi-vector-gp76-12ugso-868in-gaming-laptop-ppd1opn2l91a
171,www.smartprix.com/laptops/msi-pulse-gl66-12uek-898in-gaming-laptop-ppd14tlzukie
172,www.smartprix.com/laptops/msi-raider-ge77hx-12uhs-205in-gaming-laptop-ppd1f7xqbanq
173,www.smartprix.com/laptops/asus-rog-strix-scar-17-se-g733cx-ll021x-gaming-ppd1gzijfy33
174,www.smartprix.com/laptops/msi-gaming-katana-gf66-12ue-262in-laptop-ppd1vt9vwz4b
175,www.smartprix.com/laptops/asus-rog-strix-scar-15-g533zxz-ln116ws-gaming-ppd1mt3qe6oz
176,www.smartprix.com/laptops/lenovo-legion-5-pro-16iah7h-82rf00mgin-gaming-ppd139ibydrf
177,www.smartprix.com/laptops/msi-delta-15-a5efk-201in-gaming-laptop-amd-ppd1nodnoq6z
178,www.smartprix.com/laptops/msi-katana-gf76-11ue-485in-laptop-11th-gen-ppd16jjkkupp
179,www.smartprix.com/laptops/lenovo-legion-5-15ach6-82ju018yin-gaming-ppd14jadonjr
180,www.smartprix.com/laptops/asus-tuf-gaming-a17-2022-fa777re-hx024ws-ppd1mf3210bl
181,www.smartprix.com/laptops/asus-rog-strix-g17-g713rm-kh168w-gaming-laptop-ppd1b4mow88z
182,www.smartprix.com/laptops/asus-rog-zephyrus-g15-2022-ga503rm-hq030ws-ppd11olo0tw6
183,www.smartprix.com/laptops/gigabyte-aorus-15-xe4-gaming-laptop-12th-ppd1xyqspyux
184,www.smartprix.com/laptops/gigabyte-aorus-15-xe5-gaming-laptop-12th-ppd1topunnqr
185,www.smartprix.com/laptops/acer-nitro-5-an515-58-gaming-laptop-12th-512gb-ppd1qz43oco9
186,www.smartprix.com/laptops/acer-nitro-an515-57-un-qehsi-003-gaming-laptop-ppd1c47r22fr
187,www.smartprix.com/laptops/acer-nitro-an515-57-gaming-laptop-11th-gen-512gb-ppd1akjaer11
188,www.smartprix.com/laptops/msi-stealth-gs77-12ugs-gaming-laptop-12th-ppd153vtfx64
189,www.smartprix.com/laptops/asus-rog-zephyrus-g15-ga503rm-ln095ws-gaming-ppd1f5qmlhq3
190,www.smartprix.com/laptops/asus-tuf-gaming-f15-fx506lhb-hn374ws-gaming-ppd1s153x7mp
191,www.smartprix.com/laptops/asus-rog-zephyrus-g15-2022-ga503rm-hq057ws-ppd1jowxcnb4
192,www.smartprix.com/laptops/msi-vector-gp66-12ugso-623in-gaming-laptop-ppd1e3fe6k9a
193,www.smartprix.com/laptops/msi-vector-gp66-gp76-12ugso-gaming-laptop-ppd1tgpqzypa
194,www.smartprix.com/laptops/asus-tuf-gaming-a15-2022-fa577rm-hf031ws-ppd13383pvqa
195,www.smartprix.com/laptops/hp-victus-16-e1061ax-gaming-laptop-amd-ryzen-ppd1hje4fkhu
196,www.smartprix.com/laptops/dell-alienware-x15-r2-d569941win9-gaming-ppd1jisrei3y
197,www.smartprix.com/laptops/lenovo-ideapad-gaming-3-15iah7-82s900rain-ppd17pl6mrcm
198,www.smartprix.com/laptops/lenovo-ideapad-gaming-3-82k201ycin-laptop-ppd1c9iawjda
199,www.smartprix.com/laptops/acer-nitro-5-an515-58-laptop-12th-gen-core-ppd1akt54462
200,www.smartprix.com/laptops/dell-alienware-x17-r2-d569943win9-gaming-ppd1tt3iagnu
201,www.smartprix.com/laptops/asus-rog-strix-g15-g513rm-hf328ws-gaming-ppd1hjubsu6c
202,www.smartprix.com/laptops/hp-victus-15-fa0351tx-laptop-12th-gen-core-ppd1ka7qhjhk
203,www.smartprix.com/laptops/asus-tuf-gaming-f15-fx506hc-hn119w-gaming-ppd1f88swnnz
204,www.smartprix.com/laptops/asus-rog-zephyrus-m16-gu603zm-k8034ws-laptop-ppd1dvf4nqdj
205,www.smartprix.com/laptops/asus-rog-strix-g15-g513qr-hf302ws-gaming-ppd1zr7zaosk
206,www.smartprix.com/laptops/asus-rog-flow-x16-2022-gv601rw-m5045ws-gaming-ppd10dy42yd4
207,www.smartprix.com/laptops/asus-vivobook-pro-15-m3500qc-l901ws-gaming-ppd14zdcc2nh
208,www.smartprix.com/laptops/lenovo-ideapad-gaming-3-82k101a4in-laptop-ppd1ypshpz0w
209,www.smartprix.com/laptops/dell-inspiron-g15-5510-laptop-10th-gen-core-ppd13f0wmnfn
210,www.smartprix.com/laptops/dell-alienware-m15-icc-c780001win8-laptop-ppd1p4utefi9
211,www.smartprix.com/laptops/dell-alienware-m15-icc-c780002win8-laptop-ppd182u4lqur
212,www.smartprix.com/laptops/asus-tuf-gaming-f15-fx506hc-hn362ws-gaming-ppd198qq4cpr
213,www.smartprix.com/laptops/lenovo-ideapad-gaming-3-15ach6-82k201uxin-ppd1a542hfxa
214,www.smartprix.com/laptops/asus-rog-flow-x13-gv301re-lj199ws-gaming-ppd1elw24vsk
215,www.smartprix.com/laptops/asus-rog-zephyrus-g15-2022-ga503rm-hq142ws-ppd17cqijn1s
216,www.smartprix.com/laptops/asus-rog-zephyrus-g15-2022-ga503rm-ln143ws-ppd1ecqrom4h
217,www.smartprix.com/laptops/asus-rog-zephyrus-g15-2022-ga503rw-ln067ws-ppd17llo6dp7
218,www.smartprix.com/laptops/asus-rog-zephyrus-g15-2022-ga503rm-hq111ws-ppd15boptg2x
219,www.smartprix.com/laptops/asus-rog-zephyrus-g15-2022-ga503rs-hq027ws-ppd1ao5kn5sw
220,www.smartprix.com/laptops/asus-rog-flow-x13-gv301re-li201ws-gaming-ppd174wr1eq7
221,www.smartprix.com/laptops/asus-rog-zephyrus-duo-16-2022-gx650rxz-lo227ws-ppd17o5n7fxv
222,www.smartprix.com/laptops/asus-rog-zephyrus-g14-ga402rjz-l4134ws-gaming-ppd1dcv9jfba
223,www.smartprix.com/laptops/asus-rog-zephyrus-g14-ga402rj-l8182ws-gaming-ppd1pr0krbcy
224,www.smartprix.com/laptops/asus-rog-flow-x16-2022-gv601re-m6012ws-gaming-ppd1ki35sajy
225,www.smartprix.com/laptops/asus-rog-zephyrus-duo-16-2022-gx650rxz-ls228ws-ppd18x2t8vfq
226,www.smartprix.com/laptops/asus-rog-zephyrus-duo-16-gx650rmz-ls019ws-ppd1t6bm6igy
227,www.smartprix.com/laptops/asus-rog-zephyrus-duo-16-2022-gx650rxz-lb226ws-ppd1aba993om
228,www.smartprix.com/laptops/asus-rog-zephyrus-g15-ga503rw-ln066ws-gaming-ppd1b4gedl4o
229,www.smartprix.com/laptops/hp-pavilion-x360-14-ek0078tu-laptop-12th-ppd1wghjhksm
230,www.smartprix.com/laptops/hp-pavilion-x360-14-ek0092tu-laptop-12th-ppd1qh14nxnb
231,www.smartprix.com/laptops/msi-gf75-thin-10sc-611in-laptop-10th-gen-ppd15dawdloq
232,www.smartprix.com/laptops/lenovo-legion-5-pro-82jd005lin-gaming-laptop-ppd16607s8li
233,www.smartprix.com/laptops/lenovo-ideapad-gaming-3-82k101eein-laptop-ppd1s5lyj5t2
234,www.smartprix.com/laptops/acer-predator-helios-500-ph517-52-gaming-ppd1lorjb9ou
235,www.smartprix.com/laptops/asus-zenbook-pro-duo-15-oled-2022-ux582zm-ppd12xcw81j8
236,www.smartprix.com/laptops/dell-alienware-x14-gaming-laptop-12th-gen-ppd12gwsewuf
237,www.smartprix.com/laptops/dell-alienware-x14-d569937win9-gaming-laptop-ppd1chgu7e57
238,www.smartprix.com/laptops/asus-tuf-gaming-f15-fx506hc-hn089ws-gaming-ppd1omtpuufs
239,www.smartprix.com/laptops/dell-g15-5525-gaming-laptop-ryzen-7-6800h-ppd16kstsb20
240,www.smartprix.com/laptops/msi-gaming-raider-ge66-12uhs-218in-gaming-ppd1qppdxt1l
241,www.smartprix.com/laptops/msi-crosshair-15-b12uez-037in-gaming-laptop-ppd1k0f6wfb0
242,www.smartprix.com/laptops/dell-g15-5525-gaming-laptop-ryzen-5-6600h-512gb-8gb-ppd1ow1z6tl4
243,www.smartprix.com/laptops/dell-g15-5525-laptop-ryzen-7-6800h-16gb-512gb-ppd190fsdk3a
244,www.smartprix.com/laptops/dell-g15-5525-gaming-laptop-ryzen-5-6600h-512gb-ppd1elz8f9vd
245,www.smartprix.com/laptops/dell-g15-5515-gaming-laptop-ryzen-7-6800h-ppd186skb125
246,www.smartprix.com/laptops/dell-g15-5525-gaming-laptop-ryzen-7-6800h-16gb-512gb-ppd1ng8gcfpi
247,www.smartprix.com/laptops/msi-gp66-leopard-11ug-693in-gaming-laptop-ppd1uuyixy7o
248,www.smartprix.com/laptops/msi-sword-15-a12ud-471in-gaming-laptop-12th-ppd12e6baq6q
249,www.smartprix.com/laptops/msi-katana-gf66-12ud-472in-gaming-laptop-ppd1kznvsvw3
250,www.smartprix.com/laptops/msi-katana-gf66-11ue-861in-gaming-laptop-ppd1dcq4fhl7
251,www.smartprix.com/laptops/asus-rog-strix-g17-2022-g713rw-ll111ws-gaming-ppd1d9jpi6ya
252,www.smartprix.com/laptops/hp-victus-16-e1062ax-gaming-laptop-amd-ryzen-ppd1hzkzgbru
253,www.smartprix.com/laptops/hp-victus-16-e1060ax-gaming-laptop-amd-ryzen-ppd1gce7vdkr
254,www.smartprix.com/laptops/hp-victus-16-e0305ax-gaming-laptop-amd-ryzen-ppd11nwj2e1j
255,www.smartprix.com/laptops/lenovo-legion-5-82jk00bein-laptop-11th-gen-ppd14efrxwvi
256,www.smartprix.com/laptops/acer-nitro-5-an515-45-nh-qbcsi-00f-gaming-ppd1gg8tvi44
257,www.smartprix.com/laptops/asus-tuf-gaming-f17-fx777ze-hx052ws-laptop-ppd1krg2p3ul
258,www.smartprix.com/laptops/acer-predator-triton-500-pt516-52s-nh-qfqsi-ppd1mikx518c
259,www.smartprix.com/laptops/lenovo-ideapad-gaming-3-81y401bhin-gaming-ppd1uyfvcwo4
260,www.smartprix.com/laptops/asus-rog-flow-z13-2022-gz301ze-lc192ws-gaming-ppd1xu1h8f17
261,www.smartprix.com/laptops/asus-rog-flow-z13-2022-gz301zc-ld123ws-gaming-ppd14wqtik7z
262,www.smartprix.com/laptops/asus-tuf-gaming-a17-2022-fa707rm-hx018w-laptop-ppd1oz3h9avi
263,www.smartprix.com/laptops/asus-rog-flow-z13-2022-gz301ze-lc193ws-gaming-ppd1skf3zgyk
264,www.smartprix.com/laptops/acer-predator-helios-300-ph315-55-nh-qgnsi0-ppd1qguusxt0
265,www.smartprix.com/laptops/acer-predator-helios-300-ph315-55-nh-qgps-ppd1pca076y3
266,www.smartprix.com/laptops/asus-tuf-gaming-a15-fa506icb-hn005w-laptop-ppd1spvr2854
267,www.smartprix.com/laptops/dell-alienware-x14-r1-d569939win9-gaming-ppd1frc29ele
268,www.smartprix.com/laptops/asus-tuf-gaming-a17-fa777rc-hx027ws-laptop-ppd1ajs95ycx
269,www.smartprix.com/laptops/asus-strix-g15-g513rm-hf274ws-gaming-laptop-ppd1zaxmlzhl
270,www.smartprix.com/laptops/asus-tuf-gaming-f17-fx777zc-hx069w-gaming-ppd12bysbuh4
271,www.smartprix.com/laptops/msi-gaming-katana-gf76-11ud-823in-laptop-ppd1urdcjpy3
272,www.smartprix.com/laptops/msi-thin-gf63-11uc-851in-gaming-laptop-11th-ppd15279xi58
273,www.smartprix.com/laptops/lenovo-ideapad-gaming-3-15ihu6-82k101a3in-ppd1o853oo7d
274,www.smartprix.com/laptops/hp-victus-16-d0354tx-laptop-11th-gen-core-ppd1ucbzb93p
275,www.smartprix.com/laptops/asus-tuf-gaming-a15-fa506ic-hn100w-laptop-ppd10nj5i9jv
276,www.smartprix.com/laptops/asus-tuf-gaming-f15-fx577ze-hn072ws-laptop-ppd1pj9u5u36
277,www.smartprix.com/laptops/acer-predator-helios-300-nh-qc2si-00b-laptop-ppd1pdeq2rap
278,www.smartprix.com/laptops/asus-rog-strix-g17-g713rm-ll167ws-gaming-ppd1tkgn9492
279,www.smartprix.com/laptops/hp-pavilion-gaming-15-dk1520tx-laptop-10th-ppd1alwjrhvi
280,www.smartprix.com/laptops/lenovo-ideapad-gaming-3-82k10199in-laptop-ppd188udcoz8
281,www.smartprix.com/laptops/asus-strix-g15-g513rm-hq271ws-gaming-laptop-ppd1pxweedta
282,www.smartprix.com/laptops/dell-g15-5520-d560737win9b-laptop-12th-gen-ppd1ev3zodqr
283,www.smartprix.com/laptops/lenovo-ideapad-gaming-3-81y401arin-gaming-ppd128129xn0
284,www.smartprix.com/laptops/dell-inspiron-g15-d560827win9g-laptop-11th-ppd1quo3qs46
285,www.smartprix.com/laptops/dell-inspiron-g15-d560826win9g-laptop-11th-ppd1mrele5xo
286,www.smartprix.com/laptops/dell-g15-5521-g15-5521-se-laptop-12th-gen-ppd1kknzvj97
287,www.smartprix.com/laptops/hp-victus-16-e0361ax-gaming-laptop-ryzen-ppd1k8bm1g4n
288,www.smartprix.com/laptops/msi-gaming-vector-gp66-12ugs-234in-laptop-ppd1zp88k71q
289,www.smartprix.com/laptops/asus-vivobook-k15-oled-fa507rm-hf030ws-laptop-ppd1plmwxlgp
290,www.smartprix.com/laptops/asus-ga401qc-k2189ws-gaming-laptop-ryzen-ppd1l74rpt6d
291,www.smartprix.com/laptops/asus-tuf-gaming-f15-fx566hcb-hn299ts-gaming-ppd1j7bm8o03
292,www.smartprix.com/laptops/asus-tuf-gaming-a17-fa777rm-hx019w-laptop-ppd18cfr6myx
293,www.smartprix.com/laptops/asus-rog-strix-scar-15-g533zw-ln136ws-gaming-ppd1j5slmfyy
294,www.smartprix.com/laptops/acer-nitro-5-an515-58-nh-qfksi-001-gaming-ppd13fkrlq1v
295,www.smartprix.com/laptops/acer-nitro-an515-57-nh-qehsi-001-gaming-laptop-ppd1mr5dxaae
296,www.smartprix.com/laptops/acer-nitro-5-an515-58-gaming-laptop-12th-ppd17kmwydb1
297,www.smartprix.com/laptops/hp-pavilion-15-ec2048ax-gaming-laptop-ryzen-ppd1b30i1ruv
298,www.smartprix.com/laptops/hp-victus-16-e0350ax-laptop-ryzen-5-5600h-ppd1cc7fqzqb
299,www.smartprix.com/laptops/msi-gaming-katana-gf76-12ue-027in-laptop-ppd1dl4n97tk
300,www.smartprix.com/laptops/msi-creator-z16-a11uet-051in-laptop-11th-ppd1kikcouk7
301,www.smartprix.com/laptops/asus-tuf-gaming-f15-fx577ze-hn056w-laptop-ppd1qy23hjff
302,www.smartprix.com/laptops/dell-inspiron-16-7610-laptop-11th-gen-core-ppd1k0clpo4z
303,www.smartprix.com/laptops/dell-alienware-x17-r1-d569935win9-gaming-ppd1ukqhf5xw
304,www.smartprix.com/laptops/dell-alienware-x15-r2-d569942win9-gaming-ppd10p9hw0z4
305,www.smartprix.com/laptops/msi-creator-m16-a11ud-898in-laptop-tiger-ppd1599jrm9j
306,www.smartprix.com/laptops/dell-alienware-x15-r2-d569940win9-gaming-ppd16jfbr3fv
307,www.smartprix.com/laptops/dell-g15-5511-gaming-laptop--11th--gen--coreb-ppd1fylrxljh
308,www.smartprix.com/laptops/hp-omen-16-c0136ax-gaming-laptop-ryzen-5-ppd1jqovaq7v
309,www.smartprix.com/laptops/hp-omen-16-c0140ax-gaming-laptop-ryzen-7-ppd1hxx1gjlf
310,www.smartprix.com/laptops/dell-g15-5511-gaming-laptop-11th-gen-core-i5-16gb-ppd1hcc9atf2
311,www.smartprix.com/laptops/lenovo-ideapad-gaming-3-82k200x3in-laptop-ppd1vlhp6tfd
312,www.smartprix.com/laptops/dell-g15-5515-gaming-laptop-ryzen-7-5800h-16gb-ppd1td2fr1sr
313,www.smartprix.com/laptops/asus-rog-strix-g15-g513ic-hn025w-gaming-laptop-ppd1klb6w5a0
314,www.smartprix.com/laptops/dell-g15-5515-gaming-laptop-ryzen-5-5600h-16gb-ppd1n22wckq5
315,www.smartprix.com/laptops/asus-ga401qc-k2188ws-gaming-laptop-ryzen-ppd13yq65gix
316,www.smartprix.com/laptops/msi-b12ugz-032in-gaming-laptop-12th-gen-core-ppd1nn2m2ymm
317,www.smartprix.com/laptops/msi-gp66-leopard-11ug-418in-gaming-laptop-ppd136fn1tff
318,www.smartprix.com/laptops/asus-rog-strix-g15-g513ic-hn023ws-gaming-ppd1e90sizae
319,www.smartprix.com/laptops/msi-gp66-leopard-11ue-9s7-154322-604-gaming-ppd12vdm9ln0
320,www.smartprix.com/laptops/dell-g15-5511-gaming-laptop-11th-gen-core-i7-16gb-ppd1cmlojkla
321,www.smartprix.com/laptops/asus-tuf-gaming-f15-fx506lh-hn310w-laptop-ppd1tfuiioln
322,www.smartprix.com/laptops/asus-m7400qe-km046ws-gaming-laptop-ryzen-ppd17apth950
323,www.smartprix.com/laptops/asus-tuf-gaming-f17-fx706hcb-hx193t-laptop-ppd1qjgl8eoh
324,www.smartprix.com/laptops/hp-omen-16-c0141ax-gaming-laptop-ryzen-9-ppd120chwx85
325,www.smartprix.com/laptops/msi-sword-15-a11uc-892in-gaming-laptop-11th-ppd1y8282cdn
326,www.smartprix.com/laptops/asus-rog-strix-g15-g513rc-hn083w-gaming-laptop-ppd1boem517p
327,www.smartprix.com/laptops/asus-rog-strix-g15-2022-g513rc-hn084ws-gaming-ppd1wq1l4d95
328,www.smartprix.com/laptops/asus-rog-strix-g15-2022-g533zx-ln024ws-gaming-ppd164t27sgm
329,www.smartprix.com/laptops/asus-rog-strix-scar-15-2022-g533zw-ln106ws-ppd1czxp54ad
330,www.smartprix.com/laptops/asus-rog-strix-g15-g513rc-hn062w-gaming-laptop-ppd1m9ocqbxx
331,www.smartprix.com/laptops/acer-predator-helios-300-ph315-54-nh-qc2si-00a-ppd1vffw1tig
332,www.smartprix.com/laptops/acer-aspire-3-a315-58-nx-addsi-00n-laptop-ppd11n0qkx38
333,www.smartprix.com/laptops/dell-g15-5515-laptop-ryzen-7-5800h-ppd1xxn1gewn
334,www.smartprix.com/laptops/lenovo-legion-s7-15ach6-82k800e8in-laptop-ppd17qh1q4h7
335,www.smartprix.com/laptops/hp-430-g8-364c5pa-business-laptop-11th-gen-ppd1521adgzm
336,www.smartprix.com/laptops/msi-pulse-gl66-12uek-046in-gaming-laptop-ppd1y7i1b5v1
337,www.smartprix.com/laptops/msi-delta-15-a5efk-083in-gaming-laptop-ryzen-ppd1zsm7icm4
338,www.smartprix.com/laptops/hp-omen-16-b0352tx-gaming-laptop-11th-gen-ppd16hc2hczp
339,www.smartprix.com/laptops/hp-omen-16-b0360tx-gaming-laptop-11th-gen-ppd1y23wyk5y
340,www.smartprix.com/laptops/asus-rog-zephyrus-g15-ga503qe-hq075ts-gaming-ppd1st7tfjms
341,www.smartprix.com/laptops/asus-vivobook-f571gt-hn1062t-gaming-laptop-ppd1kuqkzmfd
342,www.smartprix.com/laptops/asus-vivobook-gaming-f571lh-bq429t-laptop-ppd1i8gtyku6
343,www.smartprix.com/laptops/lenovo-legion-5-pro-82jq00jcin-laptop-amd-ppd1pb02t10q
344,www.smartprix.com/laptops/asus-f766hcb-hx165t-gaming-laptop-11th-gen-ppd1hyqwou2f
345,www.smartprix.com/laptops/hp-omen-16-b0370tx-laptop-11th-gen-core-i7-ppd1y4usmsm7
346,www.smartprix.com/laptops/acer-predator-helios-300-laptop-11th-gen-ppd1076rkyse
347,www.smartprix.com/laptops/msi-creator-z16-a11uet-272in-gaming-laptop-ppd163evn530
348,www.smartprix.com/laptops/lenovo-ideapad-gaming-15ach6-82k200x6in-gaming-ppd1im2k0lph
349,www.smartprix.com/laptops/asus-tuf-fx706hcb-hx162t-gaming-laptop-11th-ppd18ej15re5
350,www.smartprix.com/laptops/asus-tuf-fx706hcb-hx191t-gaming-laptop-11th-ppd1n2l7qnhr
351,www.smartprix.com/laptops/lenovo-legion-5-pro-82ju010nin-laptop-ryzen-ppd1zcbja5fy
352,www.smartprix.com/laptops/lenovo-legion-5-pro-82jq00tmin-gaming-laptop-ppd1efrul65u
353,www.smartprix.com/laptops/asus-rog-flow-x13-gv301qe-k6153ts-gaming-ppd1m282tq5f
354,www.smartprix.com/laptops/acer-nitro-5-an515-45-r3fb-nh-qcmsi-002-gaming-ppd1dops9f1y
355,www.smartprix.com/laptops/acer-nitro-an515-57-gaming-laptop-11th-gen-ppd1qswoe36u
356,www.smartprix.com/laptops/acer-predator-helios-300-ph315-54-nh-qc2si-ppd126f81qye
357,www.smartprix.com/laptops/asus-tuf-gaming-fx506hcb-hn228t-laptop-11th-ppd1vj7s4q9b
358,www.smartprix.com/laptops/asus-rog-strix-g15-2021-g513ih-hn081t-gaming-ppd1q199odbu
359,www.smartprix.com/laptops/acer-nitro-an515-57-gaming-laptop-11th-gen-ppd1xy7uxd6g
360,www.smartprix.com/laptops/lenovo-legion-5-pro-16ith6h-82jd005kin-gaming-ppd1i8dsj1dq
361,www.smartprix.com/laptops/msi-gf75-thin-10sc-095in-laptop-10th-gen-ppd1irhwjf9d
362,www.smartprix.com/laptops/msi-katana-gf66-11ud-476in-gaming-laptop-ppd11q09qgqv
363,www.smartprix.com/laptops/msi-katana-gf66-11uc-478in-gaming-laptop-ppd1w312rim6
364,www.smartprix.com/laptops/dell-g15-5515-gaming-laptop-ryzen-7-5800h-ppd15ys7r5e2
365,www.smartprix.com/laptops/dell-g15-5515-gaming-laptop-ryzen-5-5600h-ppd150x81pag
366,www.smartprix.com/laptops/dell-g15-5511-gaming-laptop-11th-gen-core-ppd1ill7y0p8
367,www.smartprix.com/laptops/dell-g15-5515-gaming-laptop-ryzen-5-5600h-ppd13etu8sek
368,www.smartprix.com/laptops/dell-g15-5511-gaming-laptop-11th-gen-core-ppd1xw0ixxnk
369,www.smartprix.com/laptops/lenovo-ideapad-gaming-3-15ihu6-82k1004fin-ppd14mg8178a
370,www.smartprix.com/laptops/asus-rog-flow-x13-gv301qc-k6100ts-laptop-ppd18errj2er
371,www.smartprix.com/laptops/dell-g15-5510-gaming-laptop-10th-gen-core-ppd1j4zt43ye
372,www.smartprix.com/laptops/lenovo-ideapad-gaming-15arh05-82ey00vcin-ppd1ti4h9eno
373,www.smartprix.com/laptops/asus-rog-strix-g15-g513qc-hn125t-gaming-laptop-ppd1a5hw9yhe
374,www.smartprix.com/laptops/hp-pavilion-15-dk2012tx-gaming-laptop-11th-ppd1ngyw0dcw
375,www.smartprix.com/laptops/msi-gf63-thin-10uc-606in-gaming-laptop-10th-ppd1prh48mjw
376,www.smartprix.com/laptops/hp-pavilion-15-dk2076tx-gaming-laptop-11th-ppd1f33w0llw
377,www.smartprix.com/laptops/acer-predator-ph315-54-nh-qc5si-006-gaming-ppd1jhc9w640
378,www.smartprix.com/laptops/msi-gf63-thin-10uc-607in-gaming-laptop-10th-ppd15el4egbz
379,www.smartprix.com/laptops/asus-rog-zephyrus-g14-ga401qec-k2128ts-gaming-ppd10ncu8rgi
380,www.smartprix.com/laptops/lenovo-ideapad-gaming-3-82k1004cin-laptop-ppd1u1dag1ks
381,www.smartprix.com/laptops/msi-alpha-15-b5eek-029in-gaming-laptop-ryzen-ppd11ir4gyt3
382,www.smartprix.com/laptops/asus-rog-zephyrus-g14-ga401qm-k2330ts-gaming-ppd1j9w8sm72
383,www.smartprix.com/laptops/lenovo-legion-5-15ach6-82jw004din-gaming-ppd1ydqbke6u
384,www.smartprix.com/laptops/hp-omen-16-b0351tx-gaming-laptop-11th-gen-ppd1h6x68671
385,www.smartprix.com/laptops/lenovo-ideapad-gaming-3-15ihu6-82k1004din-ppd16m1v4k3g
386,www.smartprix.com/laptops/asus-rog-strix-g513ic-hn025t-gaming-laptop-ppd1cf6lyf1j
387,www.smartprix.com/laptops/msi-gf65-thin-10ue-410in-gaming-laptop-10th-ppd1lkd866h9
388,www.smartprix.com/laptops/lenovo-legion-5-82jw0052in-gaming-laptop-ppd1aegcwd8b
389,www.smartprix.com/laptops/lenovo-legion-5-82jk007win-laptop-11th-gen-ppd1km5dzn0s
390,www.smartprix.com/laptops/msi-katana-gf66-11uc-628in-gaming-laptop-ppd17lthahrz
391,www.smartprix.com/laptops/lenovo-ideapad-gaming-3-81y401apin-gaming-ppd10bwg4hpv
392,www.smartprix.com/laptops/lenovo-legion-5-15ach6-82jw004ein-gaming-ppd1n1do5tjq
393,www.smartprix.com/laptops/lenovo-ideapad-ipg3-15ihu6-82k1004ein-gaming-ppd1sv6ruhvo
394,www.smartprix.com/laptops/asus-tuf-gaming-fx506hcb-hn225t-gaming-laptop-ppd1krxbcpzg
395,www.smartprix.com/laptops/asus-rog-zephyrus-g14-ga401qe-k2165ts-gaming-ppd10g6ev0h0
396,www.smartprix.com/laptops/asus-tuf-dash-f15-fx516pm-hn174ts-gaming-ppd1p31den0s
397,www.smartprix.com/laptops/asus-vivobook-f571lh-bq436t-gaming-laptop-ppd1g0i8svzy
398,www.smartprix.com/laptops/asus-tuf-a15-fa566ic-hn008t-gaming-laptop-ppd15gleovpi
399,www.smartprix.com/laptops/asus-rog-strix-g15-g513qe-hf146t-gaming-laptop-ppd1vx6s763n
400,www.smartprix.com/laptops/asus-rog-zephyrus-g14-ga401qe-hz176ts-gaming-ppd1f3anoqh4
401,www.smartprix.com/laptops/lenovo-legion-5-82au00ppin-gaming-laptop-ppd1gy1twlr4
402,www.smartprix.com/laptops/hp-pavilion-15-ec1023ax-gaming-laptop-ryzen-ppd1ll57t5xf
403,www.smartprix.com/laptops/lenovo-legion-5-82au00p4in-gaming-laptop-ppd12kdclb2w
404,www.smartprix.com/laptops/msi-gp76-leopard-11ug609in-gaming-laptop-ppd1zpm1vjlz
405,www.smartprix.com/laptops/asus-rog-strix-g15-2021-advantage-edition-ppd11fdecn73
406,www.smartprix.com/laptops/acer-predator-ph315-54-nh-qc2si-003-gaming-ppd1y6j29gk4
407,www.smartprix.com/laptops/msi-gs66-stealth-11ug-418in-gaming-laptop-ppd10b0n6drk
408,www.smartprix.com/laptops/asus-rog-strix-g15-g513ic-hn055t-gaming-laptop-ppd1fcosi5mt
409,www.smartprix.com/laptops/hp-omen-15-ek1016tx-gaming-laptop-10th-gen-ppd1m8na485q
410,www.smartprix.com/laptops/hp-pavilion-15-dk2075tx-gaming-laptop-11th-ppd1zi1izkhb
411,www.smartprix.com/laptops/asus-rog-strix-g15-2021-g513ih-hn086t-gaming-ppd17da9nftq
412,www.smartprix.com/laptops/lenovo-legion-5-pro-82jq0062in-laptop-amd-ppd1sryl82fm
413,www.smartprix.com/laptops/hp-victus-16-e0360ax-gaming-laptop-amd-ryzen-ppd11l0hgd8s
414,www.smartprix.com/laptops/msi-pulse-gl66-11uek248in-gaming-laptop-11th-ppd11s6ocu5f
415,www.smartprix.com/laptops/asus-rog-zephyrus-g15-ga503qm-hq172ts-gaming-ppd1uilu0p23
416,www.smartprix.com/laptops/hp-pavilion-15-ec2076ax-gaming-laptop-amd-ppd1o1sxd7a5
417,www.smartprix.com/laptops/lenovo-ideapad-gaming-3-15imh05-81y4019ein-ppd1uz5bexb6
418,www.smartprix.com/laptops/hp-victus-16t-d000-laptop-11th-gen-core-i5-ppd1hw7lnqwb
419,www.smartprix.com/laptops/msi-gf75-thin-10scxr-654in-laptop-10th-gen-ppd1vl3t0a6u
420,www.smartprix.com/laptops/asus-tuf-gaming-a17-fa706ih-h7014t-gaming-ppd12jgal6kl
421,www.smartprix.com/laptops/asus-tuf-gaming-f15-fx566hm-az096ts-gaming-ppd153q8rtt7
422,www.smartprix.com/laptops/dell-g3-inspiron-15-3500-gaming-laptop-10th-ppd1if482f10
423,www.smartprix.com/laptops/asus-rog-strix-scar-15-g533qs-hf210ts-gaming-ppd1373vg7tq
424,www.smartprix.com/laptops/asus-rog-zephyrus-g14-ga401qe-hz132ts-gaming-ppd1teneq9vr
425,www.smartprix.com/laptops/asus-tuf-f17-fx706he-hx053t-gaming-laptop-ppd11930qijq
426,www.smartprix.com/laptops/asus-rog-strix-g17-g713qc-hx051t-gaming-laptop-ppd15h6htr4t
427,www.smartprix.com/laptops/asus-rog-flow-x13-gv301qh-k5459ts-gaming-ppd19radeso6
428,www.smartprix.com/laptops/acer-nitro-5-an515-56-5023-nh-qbzsi-003-gaming-ppd158w2ahqv
429,www.smartprix.com/laptops/lenovo-ideapad-gaming-3i-81y40183in-gaming-ppd1osqm33q4
430,www.smartprix.com/laptops/asus-tuf-f15-fx506hm-hn016t-gaming-laptop-ppd1l9m16f6j
431,www.smartprix.com/laptops/asus-zephyrus-g14-ga401qc-hz062ts-gaming-ppd1tvzvpnqz
432,www.smartprix.com/laptops/hp-omen-15-en1036ax-gaming-laptop-ryzen-7-ppd1o2nmiies
433,www.smartprix.com/laptops/asus-rog-strix-g15-g513qc-hn088ts-gaming-ppd1tx303p3p
434,www.smartprix.com/laptops/acer-nitro-an515-45-nh-qclsi-001-gaming-laptop-ppd15fujv1eh
435,www.smartprix.com/laptops/hp-pavilion-15-dk1146tx-gaming-laptop-10th-ppd1kxiy43pw
436,www.smartprix.com/laptops/dell-g15-5510-gaming-laptop-10th-gen-core-ppd1gluv9afi
437,www.smartprix.com/laptops/dell-g15-5510-gaming-laptop-10th-gen-core-ppd1pbn1l78j
438,www.smartprix.com/laptops/asus-tuf-gaming-f15-fx506hc-hn119t-gaming-ppd1k4r9j3oi
439,www.smartprix.com/laptops/lenovo-ideapad-gaming-15arh05-82ey00uain-ppd1qulp07e7
440,www.smartprix.com/laptops/asus-tuf-dash-f15-fx516pc-hn065t-gaming-laptop-ppd1h67lzw61
441,www.smartprix.com/laptops/lenovo-ideapad-gaming-15-arh-05-82ey00ryin-ppd1uq185su5
442,www.smartprix.com/laptops/asus-rog-flow-x13-gv301qh-k6464ts-gaming-ppd1din0moff
443,www.smartprix.com/laptops/asus-tuf-dash-f15-fx516pe-hn086ts-gaming-ppd1lmq6du76
444,www.smartprix.com/laptops/hp-15-ec1025ax-gaming-laptop-amd-ryzen-5-ppd1091921b8
445,www.smartprix.com/laptops/hp-15-ec1105ax-gaming-laptop-amd-ryzen-5-ppd1v8dv3xme
446,www.smartprix.com/laptops/dell-inspiron-15-5590-laptop-10th-gen-core-ppd198m8pwgc
447,www.smartprix.com/laptops/lenovo-ideapad-gaming-3-15imh05-81y4019gin-ppd1u9pu4jpf
448,www.smartprix.com/laptops/dell-g5-5500-gaming-laptop-10th-gen-core-ppd12hla4bkp
449,www.smartprix.com/laptops/acer-an515-44-nh-q9msi-006-laptop-amd-ryzen-ppd1za93idse
450,www.smartprix.com/laptops/asus-tuf-gaming-f17-fx766li-hx242t-gaming-ppd17x6oqdb5
451,www.smartprix.com/laptops/asus-zephyrus-g14-ga401qc-hz047ts-gaming-ppd12shy51yb
452,www.smartprix.com/laptops/lenovo-ideapad-gaming-3-15arh05-82ey00u7in-ppd1itw7c26f
453,www.smartprix.com/laptops/hp-pavilion-15-dk1148tx-gaming-laptop-10th-ppd1wm7fnbkk
454,www.smartprix.com/laptops/asus-rog-zephyrus-g14-ga401qm-hz146ts-laptop-ppd1al1s4tfh
455,www.smartprix.com/laptops/lenovo-ideapad-gaming-3-81y4017uin-gaming-ppd18h9cuqq4
456,www.smartprix.com/laptops/asus-rog-flow-x13-gv301qh-k5098ts-gaming-ppd1w8mu510o
457,www.smartprix.com/laptops/lenovo-ideapad-gaming-3-15imh05-81y4017tin-ppd1cs2lajph
458,www.smartprix.com/laptops/asus-rog-zephyrus-g14-ga401ii-he229ts-laptop-ppd17jsblvwp
459,www.smartprix.com/laptops/hp-pavilion-gaming-15-dk0041nr-laptop-9th-ppd1xw62ly8q
460,www.smartprix.com/laptops/asus-tuf-gaming-f15-fx506li-hn271ts-gaming-ppd19fdc8ln8
461,www.smartprix.com/laptops/asus-rog-strix-g15-g512li-hn279t-gaming-laptop-ppd1jauoyyby
462,www.smartprix.com/laptops/hp-pavilion-15-ec1021ax-gaming-laptop-amd-ppd1vc31vpyi
463,www.smartprix.com/laptops/asus-f571gt-bn913ts-laptop-9th-gen-core-i5-ppd1nc9uq6e3
464,www.smartprix.com/laptops/asus-tuf-gaming-f15-fx566lh-hn257t-laptop-ppd1q5catw9u
465,www.smartprix.com/laptops/acer-nitro-5-an515-55-gaming-laptop-10th-ppd1975wnxuz
466,www.smartprix.com/laptops/acer-nitro-5-an515-44-r9qa-un-q9msi-002-gaming-ppd1uhdy2h41
467,www.smartprix.com/laptops/acer-nitro-5-an515-54-gaming-laptop-9th-gen-ppd1ddj66b8p
468,www.smartprix.com/laptops/asus-rog-zephyrus-g14-ga401iu-ha246ts-laptop-ppd1xeuyrvvl
469,www.smartprix.com/laptops/msi-gf63-thin-9scsr-1608in-gaming-laptop-ppd1vlncpi5o
470,www.smartprix.com/laptops/acer-predator-helios-300-ph315-53-nh-qcysi-ppd15pa24aeg
471,www.smartprix.com/laptops/acer-nitro-5-an515-45-r3tc-nh-qbcsi-001-gaming-ppd1cxqglnbh
472,www.smartprix.com/laptops/asus-tuf-gaming-f17-fx766li-hx185t-gaming-ppd1l3oazuyy
473,www.smartprix.com/laptops/lenovo-l340-15irh-81lk01qnin-gaming-laptop-ppd18jcscwmw
474,www.smartprix.com/laptops/acer-nitro-5-an515-45-nh-qbmsi-004-laptop-ppd13anqpkwb
475,www.smartprix.com/laptops/lenovo-legion-5-15arh05-82b500fjin-gaming-ppd1i09z7187
476,www.smartprix.com/laptops/lenovo-legion-5-82b500mpin-gaming-laptop-ppd1k43w29au
477,www.smartprix.com/laptops/lenovo-ideapad-gaming-3-82ey00l8in-laptop-ppd153rb3lw0
478,www.smartprix.com/laptops/asus-rog-zephyrus-duo-15-se-gx551qs-xs99-ppd1cpln7l8l
479,www.smartprix.com/laptops/asus-rog-flow-x13-gv301qh-ds96-gaming-laptop-ppd1gkqqu1yj
480,www.smartprix.com/laptops/acer-predator-triton-300-nh-q9zsi-001-laptop-ppd1wcpj3vwo
481,www.smartprix.com/laptops/msi-creator-15-a10sf-423in-gaming-laptop-ppd1t3h9v2aa
482,www.smartprix.com/laptops/msi-bravo-15-a4ddr-212in-gaming-laptop-ryzen-ppd1w0ame691
483,www.smartprix.com/laptops/asus-rog-zephyrus-g14-ga401iv-ha181ts-gaming-ppd1i7hyuqto
484,www.smartprix.com/laptops/hp-pavilion-15-ec1051ax-gaming-laptop-amd-ppd1dvkvb0fm
485,www.smartprix.com/laptops/asus-rog-zephyrus-g14-ga401ivc-ha275ts-gaming-ppd13s1od0lr
486,www.smartprix.com/laptops/hp-pavilion-15-ec1052ax-gaming-laptop-amd-ppd1gu5921s0
487,www.smartprix.com/laptops/acer-predator-pt315-52-nh-q9ysi-002-laptop-ppd1k1nlw7ka
488,www.smartprix.com/laptops/asus-rog-zephyrus-s-gx531gw-es009t-gaming-ppd1q8uwmpua
489,www.smartprix.com/laptops/acer-predator-helios-300-ph315-53-594s-nh-ppd1c6s1q9rt
490,www.smartprix.com/laptops/acer-predator-helios-300-ph315-53-72e9-nh-ppd1w1qxb65b
491,www.smartprix.com/laptops/asus-ux581lv-h2035t-gaming-laptop-10th-gen-ppd1iyq10p9h
492,www.smartprix.com/laptops/dell-g7-7500-gaming-laptop-10th-gen-core-ppd102u9w4pi
493,www.smartprix.com/laptops/dell-g5-5505-gaming-laptop-ryzen-7-16gb-512gb-ppd1fkne7fvg
494,www.smartprix.com/laptops/dell-g7-7500-gaming-laptop-10th-gen-core-ppd14s89aip0
495,www.smartprix.com/laptops/asus-rog-zephyrus-s15-gx502lxs-hf081t-gaming-ppd1xuv28uga
496,www.smartprix.com/laptops/msi-gf65-thin-9sd-890in-gaming-laptop-9th-ppd1y5lohtl7
497,www.smartprix.com/laptops/dell-g5-5505-gaming-laptop-ryzen-5-8gb-512gb-ppd1sz69clho
498,www.smartprix.com/laptops/lenovo-legion-7i-15imhg05-81yu0029in-gaming-ppd1i7aq5i4r
499,www.smartprix.com/laptops/lenovo-legion-7i-15imhg05-81yu002ain-gaming-ppd1h8odk24r
500,www.smartprix.com/laptops/dell-g3-inspiron-15-3500-gaming-laptop-10th-ppd1cbbeyyew
501,www.smartprix.com/laptops/dell-g3-inspiron-15-3500-gaming-laptop-10th-ppd152j03zhy
502,www.smartprix.com/laptops/lenovo-ideapad-gaming-3i-81y400bnin-laptop-ppd17reoried
503,www.smartprix.com/laptops/acer-aspire-7-a715-75g-nh-q85si-003-gaming-ppd18uphh1vt
504,www.smartprix.com/laptops/hp-pavilion-15-dk0263tx-gaming-laptop-9th-ppd191z5twic
505,www.smartprix.com/laptops/hp-pavilion-15-ec1048ax-gaming-laptop-ryzen-ppd1rck324pq
506,www.smartprix.com/laptops/hp-pavilion-15-ec1050ax-gaming-laptop-ryzen-ppd1xnfk2pd7
507,www.smartprix.com/laptops/hp-pavilion-15-ec0100ax-gaming-laptop-ryzen-ppd15mungwmg
508,www.smartprix.com/laptops/hp-pavilion-15-dk0269tx-gaming-laptop-9th-ppd1c34ymemr
509,www.smartprix.com/laptops/hp-omen-15-en0001ax-gaming-laptop-ryzen-5-ppd11cg3lp6c
510,www.smartprix.com/laptops/hp-pavilion-15-ec0104ax-gaming-laptop-ryzen-ppd1l7w1283k
511,www.smartprix.com/laptops/lenovo-ideapad-l340-81lk00j2in-gaming-laptop-ppd1pw8lmf20
512,www.smartprix.com/laptops/hp-15-ec0101ax-gaming-laptop-ryzen-5-8gb-ppd107ej90xk
513,www.smartprix.com/laptops/msi-gf65-thin-9sexr-406in-gaming-laptop-9th-ppd1lxe4nznp
514,www.smartprix.com/laptops/hp-pavilion-15-ec0098ax-gaming-laptop-ryzen-ppd1pv28m7t6
515,www.smartprix.com/laptops/asus-rog-zephyrus-duo-15-gx550lws-laptop-ppd1pw1si365
516,www.smartprix.com/laptops/acer-nitro-7-an715-51-un-q5fsi-011-laptop-ppd13yj8fxlt
517,www.smartprix.com/laptops/asus-vivobook-f571gt-al318t-gaming-laptop-ppd1nv2lg4jn
518,www.smartprix.com/laptops/asus-zephyrus-g14-gaming-laptop-amd-ryzen-ppd1en3blw38
519,www.smartprix.com/laptops/msi-ge66-raider-gaming-laptop-10th-gen-core-ppd1rofck064
520,www.smartprix.com/laptops/lenovo-v330-81b0a0d0ih-laptop-8th-gen-core-ppd19kqtzdg0
521,www.smartprix.com/laptops/msi-gt76-titan-dt-9sg-titan-gaming-laptop-ppd151dp7tmm
522,www.smartprix.com/laptops/hp-pavilion-15-ec0062ax-gaming-laptop-amd-ppd1t950m395
523,www.smartprix.com/laptops/hp-15-cs3006tx-laptop-10th-gen-core-i5-8gb-ppd1evjwd563
524,www.smartprix.com/laptops/asus-zenbook-flip-13-ux362fa-laptop-8th-gen-ppd1e7zl2nav
525,www.smartprix.com/laptops/msi-gl63-9sd-1042in-gaming-laptop-9th-gen-ppd1x05xjmqn
526,www.smartprix.com/laptops/razer-blade-stealth-2019-laptop-10th-gen-ppd1qtyf9933
527,www.smartprix.com/laptops/hp-omen-x-2s-gaming-laptop-9th-gen-core-i9-ppd14yz06edh
528,www.smartprix.com/laptops/hp-15-dk0049tx-gaming-laptop-9th-gen-core-ppd1noznxib6
529,www.smartprix.com/laptops/asus-rog-strix-scar-iii-g731-laptop-8th-gen-ppd1wg1l3u53
530,www.smartprix.com/laptops/asus-zenbook-pro-duo-ux581-laptop-9th-gen-ppd1su3p7f4t
531,www.smartprix.com/laptops/acer-predator-helios-700-gaming-laptop-9th-ppd18k7mrfw9
532,www.smartprix.com/laptops/acer-nitro-7-slim-gaming-laptop-9th-gen-core-ppd1bik6yl7i
533,www.smartprix.com/laptops/acer-predator-triton-900-laptop-8th-gen-core-ppd1bbiao5rh
534,www.smartprix.com/laptops/asus-rog-mothership-gz700gx-gaming-laptop-ppd1v60dyxep
535,www.smartprix.com/laptops/razer-blade-15-gaming-laptop-8th-gen-ci7-ppd1lcbr93bq
536,www.smartprix.com/laptops/razer-blade-15-advance-gaming-laptop-8th-ppd1wxz5j3pa
537,www.smartprix.com/laptops/lenovo-thinkpad-x1-extreme-20mgs03w00-laptop-ppd1i5gnpj90
538,www.smartprix.com/laptops/dell-alienware-m15-laptop-8th-gen-ci5-8gb-ppd10humbaq6
539,www.smartprix.com/laptops/hp-omen-15-dc0082tx-4rj56pa-laptop-8th-gen-ppd1p23sjxqn
540,www.smartprix.com/laptops/agb-ra-0301-gaming-laptop-7th-gen-ci7-8gb-ppd10k992zgn
541,www.smartprix.com/laptops/hp-omen-15-ce071tx-2gd81pa-laptop-7th-gen-ci5-8gb-1-p1301yaq6ilc
542,www.smartprix.com/laptops/dell-inspiron-7567-notebook-7th-gen-ci7-8gb-1tb-win-p1301m41b5x9
543,www.smartprix.com/laptops/acer-nitro-5-an515-46-laptop-amd-ryzen-5-ppd13qs86z98
544,www.smartprix.com/laptops/lenovo-legion-5-pro-82rg009ain-laptop-amd-ppd1gfnlk8qk
545,www.smartprix.com/laptops/asus-rog-strix-g15-2022-g513rm-hf272ws-gaming-ppd11z0eflc1
546,www.smartprix.com/laptops/asus-rog-strix-g17-2022-g713rw-ll133ws-gaming-ppd10fu20xb9
547,www.smartprix.com/laptops/asus-rog-flow-x13-gv301qh-k6474ts-gaming-ppd174t1upzs
548,www.smartprix.com/laptops/msi-gs76-stealth-11ue-631in-9s7-17m111-631-ppd1diseu09u
549,www.smartprix.com/laptops/asus-zenbook-pro-duo-15-oled-2021-ux582hm-ppd1zf5d16vl
550,www.smartprix.com/laptops/acer-nitro-an515-57-5223-nh-qensi-00d-gaming-ppd11r0f04ae
551,www.smartprix.com/laptops/asus-strix-g15-g513rm-hf272ws-gaming-laptop-ppd1mqjc44bz
552,www.smartprix.com/laptops/asus-strix-g15-g513rm-hq273ws-gaming-laptop-ppd10przlq40
553,www.smartprix.com/laptops/msi-summit-e16-flip-a11uct-085in-laptop-tiger-ppd160g25rrv
554,www.smartprix.com/laptops/dell-alienware-x15-r1-d569933win9-gaming-ppd17hq13tu0
555,www.smartprix.com/laptops/dell-alienware-x15-r1-d569932win9-gaming-ppd11u8pa0jy
556,www.smartprix.com/laptops/hp-16-d0003tx-laptop-11th-gen-core-i5-8gb-ppd1ez2a8bdp
557,www.smartprix.com/laptops/msi-sword-15-a11uc-891in-gaming-laptop-11th-ppd19nkd5ubz
558,www.smartprix.com/laptops/asus-rog-zephyrus-g14-90nr05r6-m03400-gaming-ppd1cklv1xs3
559,www.smartprix.com/laptops/hp-pavilion-15-dk2096tx-laptop-11th-gen-core-ppd1puct0j8d
560,www.smartprix.com/laptops/hp-15-ec2075ax-gaming-laptop-ryzen-5-5600h-ppd1prrekuut
561,www.smartprix.com/laptops/msi-gl65-leopard-10sfkv-062-laptop-10th-gen-ppd1ebrxkftw
562,www.smartprix.com/laptops/acer-predator-pt315-52-nh-q9ysi-001-laptop-ppd1he1phj02
563,www.smartprix.com/laptops/acer-nitro-an515-57-gaming-laptop-11th-gen-ppd1hvh0w1ln
564,www.smartprix.com/laptops/msi-gf75-thin-10ud-086in-laptop-10th-gen-ppd1z1dgi947
565,www.smartprix.com/laptops/dell-g15-5515-gaming-laptop-ryzen-7-5800h-ppd1lqycxiyr
566,www.smartprix.com/laptops/asus-tuf-dash-f15-fx516pez-hn105ts-gaming-ppd1x2dlbrla
567,www.smartprix.com/laptops/asus-tuf-gaming-f15-fx506hm-hn014ts-gaming-ppd13qvtjr3f
568,www.smartprix.com/laptops/lenovo-ideapad-gaming-3-15ach6-82k200xnin-ppd10zsip1tn
569,www.smartprix.com/laptops/asus-tuf-gaming-f15-fx566hc-hn093t-gaming-ppd1dukqzbs1
570,www.smartprix.com/laptops/asus-tuf-fa766ic-hx005t-gaming-laptop-ryzen-ppd1joti2x7i
571,www.smartprix.com/laptops/asus-rog-strix-g15-2021-g513ih-hn084ts-gaming-ppd19y6cxgzk
572,www.smartprix.com/laptops/asus-tuf-fx506li-hn279t-gaming-laptop-10th-ppd1jakpqf50
573,www.smartprix.com/laptops/lenovo-legion-5-15imh05-82au00p2in-gaming-ppd1ixkdmvvh
574,www.smartprix.com/laptops/acer-nitro-an515-57-nh-qd8si-002-gaming-laptop-ppd10837knm9
575,www.smartprix.com/laptops/msi-pulse-gl66-11udk627in-gaming-laptop-11th-ppd19d1h04dh
576,www.smartprix.com/laptops/asus-tuf-dash-f15-fx516pc-hn078t-gaming-laptop-ppd13jfzbcma
577,www.smartprix.com/laptops/asus-tuf-gaming-f15-fx566lh-bq275t-laptop-ppd1pnazpoi4
578,www.smartprix.com/laptops/asus-rog-zephyrus-g14-ga401qh-hz069ts-laptop-ppd1u5d34s71
579,www.smartprix.com/laptops/asus-tuf-dash-f15-fx516pc-hn067t-gaming-laptop-ppd1lqdfmpiq
580,www.smartprix.com/laptops/asus-rog-zephyrus-g14-ga401qc-hz094ts-gaming-ppd110szjakn
581,www.smartprix.com/laptops/hp-omen-15-en1037ax-gaming-laptop-ryzen-7-ppd1yehhyxi0
582,www.smartprix.com/laptops/asus-tuf-gaming-f15-fx566lh-hn266t-laptop-ppd10wow7qin
583,www.smartprix.com/laptops/lenovo-ideapad-gaming-3-82ey00u4in-laptop-ppd1ixdyn84h
584,www.smartprix.com/laptops/msi-gf75-thin-10uek-gaming-laptop-10th-gen-ppd1d6sxbbz4
585,www.smartprix.com/laptops/asus-tuf-gaming-f15-fx506he-hn127t-gaming-ppd18np3cno7
586,www.smartprix.com/laptops/msi-gf65-thin-10ue-290in-gaming-laptop-10th-ppd1j4onfylg
587,www.smartprix.com/laptops/asus-tuf-dash-fx516pm-az154ts-gaming-laptop-ppd1k86j8lbo
588,www.smartprix.com/laptops/asus-rog-strix-scar-15-g533qs-hf197ts-gaming-ppd19ohr3wga
589,www.smartprix.com/laptops/msi-gp65-leopard-10sek-830in-laptop-10th-ppd1xicf1vd6
590,www.smartprix.com/laptops/msi-creator-15m-a10sdt-421in-laptop-10th-ppd1cfrdh4vq
591,www.smartprix.com/laptops/lenovo-ideapad-gaming-3-82ey00jtin-laptop-ppd1959bz5nc
592,www.smartprix.com/laptops/acer-predator-helios-300-ph315-53-7739-nh-ppd1kiweznau
593,www.smartprix.com/laptops/lenovo-ideapad-gaming-3-82ey00l4in-laptop-ppd107jrzszo
594,www.smartprix.com/laptops/msi-wf65-10ti-1073in-laptop-10th-gen-core-ppd1z7k8h20f
595,www.smartprix.com/laptops/msi-prestige-14-a10rb-038in-laptop-10th-gen-ppd14win9jeq
596,www.smartprix.com/laptops/dell-g3-inspiron-15-3500-gaming-laptop-10th-ppd1xjlnxec8
597,www.smartprix.com/laptops/dell-alienware-m15-r3-laptop-10th-gen-core-ppd19v2tdp2q
598,www.smartprix.com/laptops/lenovo-legion-y540-81sx00g8in-laptop-9th-ppd1dbpb9c33
599,www.smartprix.com/laptops/asus-rog-zephyrus-g14-ga401ii-he127ts-laptop-ppd15jc1ahqy
600,www.smartprix.com/laptops/asus-rog-zephyrus-g15-2020-ga502iv-az040t-ppd1dmv49dqn
601,www.smartprix.com/laptops/acer-nitro-5-an515-54-gaming-laptop-9th-gen-ppd1zp5sk0yk
602,www.smartprix.com/laptops/dell-xps-15-9500-laptop-10th-gen-core-i7-ppd1cely9yye
603,www.smartprix.com/laptops/asus-ux581lv-h2034t-gaming-laptop-10th-gen-ppd1oddg5qz5
604,www.smartprix.com/laptops/lenovo-ideapad-15imh05-81y400buin-gaming-ppd1cy7at610
605,www.smartprix.com/laptops/asus-rog-zephyrus-duo-15-gx550lxs-laptop-ppd16qvnshux
606,www.smartprix.com/laptops/msi-gt76-titan-dt-9sf-gaming-laptop-9th-gen-ppd1hp21epsa
607,www.smartprix.com/laptops/hp-omen-x-15-dg0018tx-laptop-9th-gen-core-ppd1o36170q0
608,www.smartprix.com/laptops/acer-helios-ph315-52-nh-q53si-012-gaming-ppd1unbh3lvv
609,www.smartprix.com/laptops/hp-omen-15-dh0138tx-7qu43pa-laptop-9th-gen-ppd1veae7xb8
610,www.smartprix.com/laptops/msi-stealth-gs65-gaming-laptop-8th-gen-core-ppd1yefnos24
611,www.smartprix.com/laptops/lenovo-thinkpad-x1-extreme-20mgs06400-laptop-ppd1voawp371
612,www.smartprix.com/laptops/acer-predator-helios-ph315-51-nh-q3hsi-014-gaming-l-p1301ydq9f5z
613,www.smartprix.com/laptops/acer-g3-572-nh-q2csi-001-notebook-7th-gen-ci5-8gb-1-p130122mzeem
614,www.smartprix.com/laptops/acer-nitro-5-an515-51-notebook-7th-gen-ci7-16gb-1tb-p13016e9u3fa
615,www.smartprix.com/laptops/dell-inspiron-7567-notebook-7th-gen-ci7-16gb-1tb-25-p13019qdme9q
616,www.smartprix.com/laptops/acer-predator-g9-591-nx-q0asi-001-notebook-6th-gen-p1301y53avr7
617,www.smartprix.com/laptops/dell-inspiron-7548-notebook-5th-gen-ci5-8gb-1tb-win-p1301k838tvw
